APD1,290219,293778,298227.8,290573.6,295342.35,300086.9,300119.83,297957.93,297149.08
APD2,338064,343845.5,348965.4,339430.8,344314.15,349953,349795.71,346672.165,345083.878
tau,iter_1,iter_2,iter_3,iter_4,iter_5,iter_6,iter_7,iter_8,iter_9
-125,13,23,68,176,331,808,1643,3151,7773
-124.9,19,34,81,151,329,817,1614,3214,7969
-124.8,22,38,74,138,326,825,1652,3206,7819
-124.7,20,36,87,144,324,849,1668,3206,7945
-124.6,26,24,75,150,321,783,1602,3135,7880
-124.5,15,34,93,167,319,824,1623,3223,7638
-124.4,19,27,75,177,291,826,1614,3143,7952
-124.3,18,25,83,154,308,839,1674,3147,7824
-124.2,15,34,91,155,308,855,1614,3379,7835
-124.1,17,22,97,156,331,797,1655,3136,8005
-124,20,29,80,177,346,830,1724,3142,7915
-123.9,20,37,71,161,316,815,1638,3329,7860
-123.8,14,36,71,156,316,828,1623,3120,7960
-123.7,15,30,90,138,314,821,1541,3170,7817
-123.6,11,31,63,174,292,823,1629,3271,7942
-123.5,19,27,80,167,318,845,1597,3173,7901
-123.4,13,36,81,163,318,777,1574,3172,7788
-123.3,19,36,89,139,322,806,1643,3230,7840
-123.2,16,28,82,159,318,798,1657,3101,7827
-123.1,12,29,79,149,343,810,1696,3112,7884
-123,14,39,81,151,327,780,1646,3250,7941
-122.9,8,34,77,125,280,813,1627,3175,7920
-122.8,14,27,72,137,339,839,1647,3286,8092
-122.7,14,28,78,152,297,818,1634,3143,8006
-122.6,15,35,80,143,316,838,1591,3247,7789
-122.5,16,26,69,142,309,828,1604,3317,8033
-122.4,22,33,87,157,315,806,1650,3171,7792
-122.3,15,37,86,125,300,755,1584,3261,7965
-122.2,13,31,61,176,320,810,1606,3242,7841
-122.1,12,32,71,171,336,794,1588,3191,7989
-122,11,27,78,173,351,809,1714,3283,7864
-121.9,12,43,73,150,321,781,1661,3212,7887
-121.8,17,28,77,154,348,819,1676,3178,7900
-121.7,17,24,71,142,338,839,1652,3189,7951
-121.6,14,41,54,167,292,775,1546,3103,7848
-121.5,18,29,62,151,343,862,1641,3227,7903
-121.4,12,28,66,152,344,831,1720,3278,7905
-121.3,21,37,85,141,330,814,1510,3190,8020
-121.2,20,27,74,153,306,750,1623,3183,7898
-121.1,14,28,69,163,306,854,1644,3283,7766
-121,17,31,77,160,299,758,1676,3206,7818
-120.9,22,34,74,157,337,791,1649,3199,7971
-120.8,15,38,69,138,291,770,1669,3214,7735
-120.7,11,24,80,156,340,874,1501,3257,7970
-120.6,18,36,69,169,318,771,1645,3190,7843
-120.5,17,24,80,151,314,820,1690,3234,7818
-120.4,14,32,56,143,316,807,1670,3135,8017
-120.3,18,23,67,171,306,844,1621,3114,7875
-120.2,12,33,71,153,298,811,1552,3099,7944
-120.1,20,31,61,161,301,784,1613,3277,7943
-120,15,31,65,129,295,836,1639,3221,7845
-119.9,22,31,85,151,305,783,1641,3269,7874
-119.8,12,41,91,161,310,841,1601,3248,7763
-119.7,23,27,79,141,354,801,1547,3270,8063
-119.6,14,28,69,170,316,791,1620,3289,7858
-119.5,18,35,87,156,308,836,1720,3153,7912
-119.4,19,34,72,152,329,796,1657,3195,7886
-119.3,10,32,76,167,321,819,1623,3273,7985
-119.2,17,22,84,115,305,826,1598,3226,7882
-119.1,13,36,83,150,309,795,1597,3123,7901
-119,23,29,84,162,324,836,1617,3163,7946
-118.9,15,40,60,159,304,789,1645,3136,7842
-118.8,17,28,73,159,342,795,1611,3171,8047
-118.7,12,34,74,149,304,789,1650,3176,7828
-118.6,11,27,66,162,332,790,1716,3339,7768
-118.5,14,32,76,145,322,841,1641,3202,8027
-118.4,13,27,73,136,304,779,1643,3277,7828
-118.3,12,35,90,157,305,806,1634,3174,7948
-118.2,17,35,102,149,335,798,1628,3221,8008
-118.1,13,30,71,165,306,797,1681,3263,7975
-118,17,34,84,155,308,789,1529,3281,7914
-117.9,6,37,69,148,276,785,1583,3122,7689
-117.8,14,32,59,149,328,834,1540,3210,7948
-117.7,19,31,79,171,289,855,1666,3179,7966
-117.6,17,33,69,145,308,763,1732,3292,8082
-117.5,13,45,88,159,345,764,1711,3188,8068
-117.4,24,50,74,152,344,802,1665,3150,7873
-117.3,11,31,68,131,317,825,1594,3312,7861
-117.2,20,32,74,156,302,826,1612,3166,7948
-117.1,20,29,76,180,339,744,1619,3149,7992
-117,18,27,85,140,346,800,1605,3182,7869
-116.9,12,31,70,171,310,824,1589,3171,8007
-116.8,13,23,66,161,307,758,1677,3294,7771
-116.7,9,33,76,147,327,807,1678,3191,7939
-116.6,8,33,85,132,317,815,1613,3217,7930
-116.5,12,28,78,164,312,805,1578,3215,7921
-116.4,16,31,69,138,295,810,1675,3268,7892
-116.3,20,25,69,148,316,832,1589,3271,8004
-116.2,21,34,85,134,338,802,1642,3264,7999
-116.1,15,20,94,150,322,840,1656,3137,7884
-116,13,32,83,128,299,828,1692,3173,7850
-115.9,16,32,86,129,350,784,1577,3158,7979
-115.8,20,29,78,165,307,816,1721,3249,7782
-115.7,13,33,71,132,299,786,1687,3226,8000
-115.6,13,44,77,142,303,791,1610,3325,7907
-115.5,24,29,67,171,322,853,1570,3188,7861
-115.4,9,31,77,158,274,790,1659,3264,7870
-115.3,9,32,76,140,321,801,1633,3324,7672
-115.2,9,31,74,140,299,790,1637,3167,7862
-115.1,16,27,80,135,335,833,1703,3185,7877
-115,8,35,100,174,297,801,1614,3205,7994
-114.9,22,24,75,153,353,844,1656,3254,7881
-114.8,25,31,72,133,288,739,1612,3269,7655
-114.7,12,33,74,145,328,808,1672,3265,7957
-114.6,14,27,98,174,314,812,1668,3226,8120
-114.5,16,34,79,157,307,838,1647,3243,7826
-114.4,18,28,87,148,320,783,1630,3326,7825
-114.3,13,29,88,174,353,819,1601,3245,8028
-114.2,11,31,87,166,344,779,1689,3230,7807
-114.1,16,30,78,171,326,821,1611,3235,7968
-114,16,30,66,166,323,814,1607,3206,7915
-113.9,15,35,78,172,269,811,1641,3125,7899
-113.8,20,36,79,159,294,805,1573,3322,7809
-113.7,18,31,86,155,322,815,1662,3271,7867
-113.6,10,30,75,157,294,796,1568,3056,7942
-113.5,21,20,90,151,326,763,1586,3225,7816
-113.4,16,30,75,152,314,805,1580,3267,7796
-113.3,26,31,90,135,305,774,1652,3238,7996
-113.2,15,19,82,150,341,858,1628,3180,7827
-113.1,15,32,87,141,285,781,1593,3313,7813
-113,9,32,81,138,294,817,1602,3200,7863
-112.9,15,28,67,130,314,799,1696,3165,7857
-112.8,18,35,78,161,290,887,1633,3203,7834
-112.7,18,34,82,142,343,827,1617,3212,7857
-112.6,11,27,78,176,322,806,1750,3232,7936
-112.5,10,36,80,163,317,861,1652,3190,7761
-112.4,17,30,82,138,296,807,1630,3259,7933
-112.3,23,40,62,148,309,819,1572,3181,7776
-112.2,15,23,63,163,326,784,1617,3242,7833
-112.1,19,27,72,144,306,876,1681,3192,7914
-112,15,34,86,157,294,795,1624,3195,7991
-111.9,16,40,63,156,315,848,1732,3253,7910
-111.8,11,28,75,167,293,809,1603,3193,7915
-111.7,14,42,98,138,323,805,1606,3178,7942
-111.6,17,29,80,134,296,840,1619,3172,7940
-111.5,25,28,70,132,306,793,1556,3118,8179
-111.4,15,32,80,151,309,812,1652,3258,7932
-111.3,11,24,73,136,335,843,1567,3183,7803
-111.2,10,23,81,155,304,859,1623,3197,7805
-111.1,10,25,67,163,331,852,1649,3263,7849
-111,19,38,104,173,274,795,1597,3223,7950
-110.9,8,40,99,179,296,782,1662,3321,7988
-110.8,8,25,89,153,364,831,1645,3269,7934
-110.7,17,30,92,169,308,834,1660,3202,7958
-110.6,12,26,72,162,288,845,1645,3274,7797
-110.5,11,34,81,154,279,799,1636,3170,7852
-110.4,12,30,83,162,315,847,1613,3209,7886
-110.3,23,30,70,168,308,863,1573,3329,7864
-110.2,12,32,62,151,322,807,1610,3269,7878
-110.1,14,32,87,148,310,796,1692,3208,7731
-110,10,30,97,142,334,821,1669,3187,8022
-109.9,23,35,76,144,314,804,1584,3329,7918
-109.8,9,34,77,143,321,765,1618,3310,7996
-109.7,21,37,68,155,319,827,1634,3151,8084
-109.6,16,33,68,146,321,840,1699,3303,7901
-109.5,14,34,73,171,318,807,1588,3228,7843
-109.4,19,24,70,149,286,805,1682,3249,7982
-109.3,13,22,89,154,314,840,1614,3314,7849
-109.2,17,21,70,146,317,831,1738,3241,8071
-109.1,15,30,102,154,333,854,1667,3175,7926
-109,18,46,87,147,325,752,1602,3169,7977
-108.9,15,36,81,140,315,771,1690,3218,7847
-108.8,14,25,91,151,325,851,1638,3244,7843
-108.7,14,37,76,150,330,856,1675,3271,7921
-108.6,13,31,78,134,317,780,1658,3271,7998
-108.5,14,33,90,152,308,826,1568,3238,7999
-108.4,9,38,80,159,296,805,1676,3247,7717
-108.3,18,41,74,159,342,806,1648,3189,8099
-108.2,11,35,60,161,324,832,1585,3235,8025
-108.1,21,28,85,152,347,796,1678,3333,7837
-108,15,30,80,140,301,849,1609,3260,7932
-107.9,17,33,57,159,303,759,1630,3254,8017
-107.8,15,35,79,144,330,836,1676,3313,7935
-107.7,13,25,74,177,311,827,1611,3150,8039
-107.6,12,32,84,158,328,855,1640,3174,8010
-107.5,19,31,75,148,321,808,1587,3280,8056
-107.4,11,24,78,154,315,829,1644,3303,7917
-107.3,18,37,83,144,322,858,1641,3279,8043
-107.2,16,34,84,185,302,804,1629,3231,8046
-107.1,17,34,72,165,315,796,1664,3135,7962
-107,14,39,90,155,294,785,1560,3314,7951
-106.9,15,20,87,166,347,767,1659,3193,8018
-106.8,13,38,80,142,322,769,1630,3198,7977
-106.7,19,21,65,151,332,814,1583,3216,7837
-106.6,18,36,67,150,316,808,1673,3274,7936
-106.5,14,32,80,152,317,774,1650,3310,8026
-106.4,12,35,70,139,333,808,1612,3246,7825
-106.3,15,36,55,180,322,827,1623,3345,7811
-106.2,17,24,101,142,311,801,1596,3227,7882
-106.1,12,30,62,154,332,803,1548,3284,7935
-106,12,34,102,156,299,798,1629,3234,7958
-105.9,20,41,82,163,300,814,1607,3157,7938
-105.8,13,38,75,146,319,766,1560,3230,7985
-105.7,21,36,69,137,320,793,1625,3263,7939
-105.6,18,26,80,133,332,783,1631,3147,7836
-105.5,13,38,71,151,346,803,1707,3203,7938
-105.4,13,31,81,156,297,814,1681,3317,7833
-105.3,15,28,69,154,305,801,1658,3251,7890
-105.2,14,37,66,153,314,776,1587,3336,7900
-105.1,9,29,80,136,297,843,1620,3221,8011
-105,25,38,65,127,341,811,1686,3218,7911
-104.9,13,26,78,152,337,849,1611,3251,7912
-104.8,21,30,91,156,326,805,1647,3170,7870
-104.7,14,39,91,144,310,768,1600,3150,7848
-104.6,22,21,95,156,336,825,1627,3131,7971
-104.5,15,33,88,160,335,809,1626,3252,7729
-104.4,9,31,77,144,328,847,1650,3249,8038
-104.3,16,21,78,140,324,785,1585,3226,7883
-104.2,12,35,79,150,319,766,1651,3210,7963
-104.1,12,31,77,155,333,816,1600,3238,7806
-104,14,26,77,144,311,787,1622,3268,8011
-103.9,16,33,77,173,306,807,1638,3218,7960
-103.8,17,29,83,165,325,773,1637,3261,7980
-103.7,16,35,87,153,317,806,1653,3318,7966
-103.6,22,37,73,161,300,835,1606,3244,7944
-103.5,19,31,90,155,306,844,1646,3300,7952
-103.4,21,23,73,132,356,836,1568,3217,7873
-103.3,14,44,85,156,333,858,1678,3238,7897
-103.2,10,31,78,148,300,784,1669,3166,7827
-103.1,13,30,80,161,276,783,1584,3198,7864
-103,8,34,82,150,313,800,1579,3268,7862
-102.9,12,29,71,141,329,818,1659,3229,7909
-102.8,9,40,86,140,301,795,1649,3292,7942
-102.7,17,41,80,153,298,787,1633,3225,7889
-102.6,16,29,82,145,321,782,1716,3194,7980
-102.5,15,26,59,163,293,830,1561,3157,8072
-102.4,19,38,83,165,316,848,1724,3230,7864
-102.3,13,42,79,139,333,819,1566,3201,7865
-102.2,13,36,84,141,320,851,1574,3223,8041
-102.1,25,37,71,143,295,808,1656,3226,7975
-102,20,39,71,161,313,790,1678,3275,8030
-101.9,14,24,60,143,332,838,1657,3237,7898
-101.8,9,32,82,158,306,854,1635,3213,7970
-101.7,13,31,85,161,324,829,1613,3202,8082
-101.6,17,34,76,137,325,849,1568,3124,7948
-101.5,17,45,87,131,310,846,1620,3314,7927
-101.4,8,35,57,147,326,889,1638,3315,8126
-101.3,13,29,92,175,325,778,1635,3344,7936
-101.2,18,30,85,147,354,829,1706,3318,7842
-101.1,22,22,86,148,315,813,1646,3216,8045
-101,14,40,77,145,341,804,1690,3268,7992
-100.9,20,31,81,147,296,839,1676,3272,7971
-100.8,17,32,75,150,367,818,1667,3284,8079
-100.7,15,33,87,164,338,825,1632,3220,8015
-100.6,18,24,82,176,337,785,1637,3337,8000
-100.5,14,37,65,166,295,822,1650,3251,8103
-100.4,17,40,82,190,324,829,1634,3331,7990
-100.3,15,33,75,156,332,840,1696,3227,8054
-100.2,15,29,77,168,309,798,1634,3388,7993
-100.1,15,25,78,148,335,859,1584,3224,7962
-100,12,34,91,184,319,805,1687,3244,7989
-99.9,11,40,74,179,342,802,1665,3307,8034
-99.8,17,24,87,174,338,773,1606,3275,7915
-99.7,17,34,84,154,323,804,1657,3141,7899
-99.6,20,31,59,172,307,802,1705,3239,7845
-99.5,16,25,88,196,299,820,1670,3225,8022
-99.4,21,36,94,152,324,765,1647,3154,7949
-99.3,18,30,72,164,320,832,1691,3183,8022
-99.2,22,37,79,152,321,824,1591,3163,7854
-99.1,11,28,69,165,347,822,1581,3278,7801
-99,14,36,86,164,306,762,1644,3291,8022
-98.9,11,32,73,156,297,820,1677,3304,7878
-98.8,13,36,76,148,325,810,1636,3259,8087
-98.7,14,27,76,169,313,815,1641,3271,7888
-98.6,11,38,78,125,325,833,1627,3237,7881
-98.5,15,38,80,171,325,840,1736,3164,7928
-98.4,17,22,87,156,308,806,1581,3175,8070
-98.3,13,27,101,146,284,861,1699,3248,7961
-98.2,15,34,78,186,295,776,1680,3209,7948
-98.1,16,36,84,163,362,789,1633,3296,7958
-98,9,31,80,172,296,807,1655,3330,8002
-97.9,18,26,94,132,330,822,1640,3231,8077
-97.8,14,32,75,146,316,810,1643,3302,8055
-97.7,17,32,97,182,320,862,1725,3238,7851
-97.6,14,27,84,158,311,831,1628,3202,8085
-97.5,13,32,85,172,325,806,1579,3205,8007
-97.4,15,23,81,150,297,819,1611,3201,7915
-97.3,15,31,67,144,322,824,1615,3281,8033
-97.2,10,27,73,150,299,811,1597,3321,7736
-97.1,18,39,68,150,333,804,1688,3309,7994
-97,17,33,74,169,350,794,1616,3149,7965
-96.9,14,35,68,179,331,847,1642,3274,8055
-96.8,18,30,83,131,335,828,1662,3341,7935
-96.7,16,25,82,166,327,794,1675,3315,8049
-96.6,17,31,87,173,302,834,1613,3223,7975
-96.5,13,28,81,177,300,809,1693,3298,8040
-96.4,13,32,79,169,319,847,1668,3217,7986
-96.3,12,38,99,152,297,798,1690,3334,8056
-96.2,14,33,88,127,330,877,1631,3229,7842
-96.1,14,37,85,163,299,807,1607,3256,7953
-96,11,29,79,149,362,853,1682,3229,8154
-95.9,14,29,65,180,299,827,1660,3271,8029
-95.8,10,25,76,152,313,780,1752,3300,8100
-95.7,12,40,73,158,304,814,1695,3280,7719
-95.6,19,28,67,145,339,748,1697,3256,7883
-95.5,14,30,86,156,311,766,1658,3209,8215
-95.4,13,27,86,142,293,825,1682,3189,7891
-95.3,17,37,72,157,315,817,1634,3327,7965
-95.2,12,37,98,166,344,792,1599,3302,8056
-95.1,11,27,87,145,327,840,1672,3288,8031
-95,19,35,79,149,296,770,1612,3206,7941
-94.9,19,28,86,134,305,769,1725,3223,8035
-94.8,18,43,77,160,323,818,1707,3251,8035
-94.7,20,33,82,146,332,838,1710,3247,8064
-94.6,15,27,74,142,335,842,1642,3322,8037
-94.5,22,33,66,146,341,802,1669,3284,7923
-94.4,14,32,87,156,305,876,1640,3240,7993
-94.3,14,41,72,126,319,862,1703,3195,8057
-94.2,17,31,90,146,353,850,1676,3286,8101
-94.1,17,24,80,187,302,784,1663,3249,8050
-94,14,32,79,139,341,775,1705,3328,8100
-93.9,13,41,86,147,325,877,1682,3296,7951
-93.8,26,30,91,165,331,776,1657,3349,8020
-93.7,14,30,84,148,339,849,1745,3234,7936
-93.6,16,33,87,176,312,810,1675,3332,8054
-93.5,18,32,81,156,346,806,1678,3199,7969
-93.4,18,34,84,163,317,837,1625,3316,7980
-93.3,15,28,78,165,350,842,1721,3348,8032
-93.2,19,27,77,155,329,843,1666,3184,7921
-93.1,19,29,97,141,303,777,1706,3272,7970
-93,13,36,74,135,317,830,1618,3228,8036
-92.9,17,25,87,173,338,835,1655,3282,7979
-92.8,24,33,64,150,292,810,1682,3302,8079
-92.7,9,32,88,158,321,816,1662,3258,8113
-92.6,10,31,92,151,342,853,1677,3322,8102
-92.5,17,32,63,161,327,811,1679,3311,8073
-92.4,14,25,76,135,329,823,1633,3264,8087
-92.3,20,39,75,143,331,801,1670,3203,8212
-92.2,12,28,73,144,307,853,1686,3344,7960
-92.1,12,28,99,155,340,843,1603,3303,8134
-92,22,36,65,137,320,866,1667,3364,7922
-91.9,18,33,73,157,302,831,1681,3269,8074
-91.8,14,27,71,160,333,800,1691,3328,8047
-91.7,18,24,78,137,304,823,1632,3353,7903
-91.6,17,39,101,162,330,804,1657,3367,7927
-91.5,18,33,85,154,315,823,1683,3291,8062
-91.4,22,27,101,158,318,866,1648,3256,8055
-91.3,13,36,88,145,310,889,1650,3309,8203
-91.2,20,13,71,165,312,777,1689,3272,7910
-91.1,11,28,80,170,301,752,1742,3288,7902
-91,9,39,77,156,323,830,1610,3236,7951
-90.9,11,28,101,149,332,811,1631,3216,7974
-90.8,17,22,78,152,330,802,1623,3312,8031
-90.7,17,36,84,148,327,834,1710,3292,8046
-90.6,18,28,93,169,351,798,1584,3217,8174
-90.5,11,31,79,133,304,801,1621,3278,8042
-90.4,8,33,83,164,295,766,1651,3270,7999
-90.3,20,41,76,144,344,782,1711,3242,8068
-90.2,17,38,86,162,315,756,1579,3241,7963
-90.1,12,30,71,166,320,863,1629,3285,8085
-90,11,30,80,147,314,821,1649,3246,8121
-89.9,11,38,77,136,312,785,1684,3265,8055
-89.8,10,32,77,141,322,821,1687,3212,8050
-89.7,14,48,79,162,347,832,1669,3349,8121
-89.6,16,43,86,147,311,788,1607,3212,7940
-89.5,18,25,75,167,327,776,1685,3285,8074
-89.4,12,25,67,172,372,822,1650,3284,8128
-89.3,18,32,74,144,316,775,1666,3295,8070
-89.2,17,25,77,144,317,781,1668,3157,8062
-89.1,11,25,84,177,296,807,1738,3169,8016
-89,13,33,77,131,347,870,1737,3331,7965
-88.9,21,30,91,151,336,815,1593,3375,8038
-88.8,18,25,65,155,331,820,1576,3158,8138
-88.7,17,43,66,160,312,826,1656,3343,8057
-88.6,8,36,87,151,299,849,1600,3348,8114
-88.5,16,24,89,146,290,857,1693,3223,7998
-88.4,14,27,63,144,332,789,1637,3219,7977
-88.3,18,24,70,156,335,829,1671,3222,7981
-88.2,14,42,70,169,307,868,1633,3272,8150
-88.1,13,29,87,160,328,798,1567,3268,8010
-88,11,30,77,161,291,809,1611,3289,7900
-87.9,9,38,73,147,300,809,1640,3259,7971
-87.8,15,33,68,146,345,837,1678,3224,8023
-87.7,14,33,75,120,324,816,1686,3225,8068
-87.6,11,29,86,151,320,836,1625,3319,8076
-87.5,20,25,75,161,345,852,1630,3203,7897
-87.4,18,27,67,156,312,830,1600,3330,8155
-87.3,16,35,82,148,319,780,1636,3406,8018
-87.2,17,38,85,153,300,787,1610,3366,8074
-87.1,14,29,77,159,332,802,1658,3265,8024
-87,11,34,89,154,319,772,1615,3214,8066
-86.9,21,39,68,161,324,816,1665,3224,8079
-86.8,14,28,77,147,359,821,1698,3201,8112
-86.7,16,27,84,158,330,787,1637,3238,7988
-86.6,12,37,66,149,322,746,1626,3270,7905
-86.5,11,33,84,172,338,809,1707,3302,8093
-86.4,12,26,92,144,345,765,1616,3222,8058
-86.3,16,32,92,164,327,800,1595,3283,8149
-86.2,14,25,70,174,308,798,1595,3226,7906
-86.1,17,31,92,150,297,790,1626,3342,8102
-86,11,28,71,162,335,863,1609,3268,7857
-85.9,13,30,85,176,337,800,1672,3231,8109
-85.8,14,39,71,154,321,848,1697,3273,8112
-85.7,15,40,91,169,348,793,1607,3234,7901
-85.6,16,27,85,154,319,835,1704,3136,8026
-85.5,14,38,77,160,344,798,1657,3321,8100
-85.4,13,37,81,163,333,783,1637,3361,8151
-85.3,10,37,71,140,290,752,1633,3310,7930
-85.2,15,29,85,145,353,804,1595,3264,8166
-85.1,24,28,82,141,320,827,1701,3326,8015
-85,10,27,78,157,319,858,1556,3317,8034
-84.9,14,44,80,164,301,848,1644,3437,7948
-84.8,12,33,77,162,315,840,1628,3319,8120
-84.7,16,38,83,174,301,873,1643,3329,7980
-84.6,9,40,74,161,329,825,1655,3297,8090
-84.5,8,44,68,147,295,839,1659,3265,7892
-84.4,20,30,87,158,315,796,1727,3153,7958
-84.3,11,32,90,143,336,789,1671,3282,8083
-84.2,9,31,89,145,309,874,1633,3245,8043
-84.1,21,35,57,142,331,810,1588,3344,8017
-84,21,36,83,154,292,879,1725,3292,8010
-83.9,14,30,68,179,303,861,1669,3245,8106
-83.8,14,28,79,181,300,838,1688,3365,8034
-83.7,9,26,73,166,318,862,1727,3305,7963
-83.6,16,35,62,152,313,824,1675,3262,8110
-83.5,20,35,94,146,331,862,1693,3321,8059
-83.4,22,31,81,178,336,808,1672,3195,8188
-83.3,16,34,77,142,337,814,1644,3243,8254
-83.2,17,32,62,175,319,888,1682,3299,7915
-83.1,11,25,85,153,320,830,1622,3192,8068
-83,16,28,89,118,326,802,1631,3319,8189
-82.9,11,32,86,135,292,834,1599,3305,7937
-82.8,23,39,98,170,303,827,1646,3277,8157
-82.7,21,30,84,148,317,868,1730,3290,8069
-82.6,13,19,80,156,306,844,1660,3295,8003
-82.5,18,26,94,138,320,826,1548,3233,8125
-82.4,18,33,81,167,340,798,1652,3290,8138
-82.3,19,30,85,138,325,839,1607,3206,8073
-82.2,14,38,82,141,345,808,1713,3278,8061
-82.1,8,35,74,134,344,849,1664,3288,7847
-82,15,37,91,164,285,817,1723,3250,7983
-81.9,24,33,87,158,323,814,1674,3332,8072
-81.8,21,24,88,173,313,821,1638,3333,8024
-81.7,16,37,73,171,300,830,1659,3311,8042
-81.6,15,28,87,148,277,804,1627,3270,8227
-81.5,12,22,71,167,355,848,1707,3267,8077
-81.4,11,45,81,171,315,855,1726,3333,8038
-81.3,19,30,92,172,347,843,1722,3295,8143
-81.2,10,32,85,160,313,828,1659,3349,8221
-81.1,12,22,85,183,316,776,1712,3312,8174
-81,18,32,85,144,344,816,1660,3260,8219
-80.9,16,44,60,150,328,874,1624,3272,8221
-80.8,13,26,104,145,306,802,1652,3267,8226
-80.7,13,28,74,136,328,804,1639,3285,8124
-80.6,24,28,80,161,323,864,1627,3341,7993
-80.5,18,35,79,180,315,826,1658,3319,8124
-80.4,21,32,69,160,316,856,1704,3376,8241
-80.3,18,25,74,160,362,818,1677,3315,8136
-80.2,19,28,90,175,348,854,1706,3326,8178
-80.1,15,27,59,138,302,818,1680,3438,8204
-80,12,29,84,173,319,837,1696,3276,8033
-79.9,17,27,76,160,325,833,1712,3363,7980
-79.8,13,27,78,173,318,861,1677,3338,8300
-79.7,14,24,103,172,319,809,1644,3214,7969
-79.6,15,38,70,160,343,817,1683,3285,8113
-79.5,14,30,79,141,295,890,1662,3380,8112
-79.4,19,33,66,149,326,835,1738,3248,8092
-79.3,13,28,70,170,303,853,1640,3316,8124
-79.2,17,29,74,131,331,802,1636,3351,8093
-79.1,13,38,75,163,311,817,1725,3265,7983
-79,11,28,88,154,303,830,1794,3252,8207
-78.9,11,33,102,158,323,866,1570,3295,8060
-78.8,26,37,97,149,327,854,1701,3320,8157
-78.7,18,38,80,143,323,837,1659,3329,8082
-78.6,17,32,90,165,323,809,1659,3422,8220
-78.5,9,35,68,168,275,833,1556,3328,8227
-78.4,15,31,59,148,324,845,1694,3375,8055
-78.3,14,39,87,152,300,872,1703,3379,8308
-78.2,15,31,74,169,370,809,1658,3419,8070
-78.1,13,28,72,147,361,811,1644,3338,8121
-78,14,29,85,167,296,828,1669,3248,8356
-77.9,18,38,73,155,326,773,1709,3372,8037
-77.8,16,33,82,153,319,815,1711,3261,8244
-77.7,14,33,58,172,354,906,1697,3309,8080
-77.6,19,43,80,165,360,801,1647,3331,8116
-77.5,20,35,74,154,301,833,1673,3346,8142
-77.4,13,31,74,155,330,812,1725,3346,8181
-77.3,19,30,80,155,326,862,1636,3341,8048
-77.2,21,27,82,157,309,805,1616,3306,8042
-77.1,15,22,78,139,310,842,1704,3295,7985
-77,17,24,67,158,338,790,1663,3264,8232
-76.9,13,33,86,158,312,880,1668,3305,8035
-76.8,13,38,72,153,337,796,1753,3272,8197
-76.7,23,21,94,153,372,807,1681,3413,8269
-76.6,12,45,83,171,314,872,1703,3335,8203
-76.5,17,39,89,156,336,851,1680,3255,8140
-76.4,25,34,73,157,323,802,1608,3344,8035
-76.3,19,24,87,148,317,859,1671,3295,8061
-76.2,13,34,78,161,311,818,1689,3219,8073
-76.1,15,26,87,151,319,841,1690,3284,8375
-76,17,38,88,155,340,798,1674,3345,8211
-75.9,15,22,87,165,288,804,1591,3372,8205
-75.8,13,24,81,151,294,856,1673,3218,8167
-75.7,13,27,81,134,311,828,1699,3371,8328
-75.6,19,32,75,159,343,769,1686,3294,8071
-75.5,16,23,87,139,311,799,1685,3431,8241
-75.4,9,43,76,154,330,834,1687,3316,7955
-75.3,19,29,95,142,298,859,1727,3238,8180
-75.2,19,27,77,165,287,870,1612,3266,8110
-75.1,15,34,81,160,335,844,1630,3302,8082
-75,7,42,87,152,327,838,1697,3337,8207
-74.9,11,27,93,152,322,802,1685,3472,8051
-74.8,16,26,94,156,311,882,1656,3176,8280
-74.7,11,33,71,154,327,813,1634,3292,8175
-74.6,15,29,70,147,293,893,1630,3325,8018
-74.5,22,25,76,162,339,848,1678,3275,8077
-74.4,13,34,98,178,362,810,1708,3355,8115
-74.3,12,31,83,154,305,807,1711,3249,8173
-74.2,17,25,65,151,326,833,1682,3382,8012
-74.1,19,33,56,167,302,827,1652,3291,8114
-74,14,31,75,149,337,844,1609,3298,8209
-73.9,18,35,62,163,325,866,1718,3426,8269
-73.8,19,32,87,160,349,866,1632,3489,8074
-73.7,16,37,63,158,325,834,1631,3287,7971
-73.6,19,29,77,168,319,826,1676,3251,8071
-73.5,16,32,79,153,312,839,1708,3250,8037
-73.4,15,30,81,155,306,820,1694,3313,8195
-73.3,18,28,77,176,314,820,1674,3312,8112
-73.2,23,31,74,165,312,845,1652,3312,8233
-73.1,17,40,85,156,290,821,1704,3297,7946
-73,15,41,98,165,326,865,1666,3328,8137
-72.9,19,35,80,160,331,846,1617,3331,8037
-72.8,8,31,86,135,341,819,1634,3272,7983
-72.7,22,42,79,142,333,822,1629,3322,8132
-72.6,11,23,78,149,311,816,1626,3330,8040
-72.5,23,25,87,172,314,813,1681,3390,8296
-72.4,14,31,75,163,317,820,1686,3228,7908
-72.3,12,36,65,147,327,863,1759,3293,8092
-72.2,21,26,74,139,314,807,1596,3195,8073
-72.1,18,35,83,165,326,807,1676,3323,7976
-72,16,28,86,182,317,835,1696,3273,8087
-71.9,13,31,71,149,331,827,1779,3269,8004
-71.8,16,34,81,160,333,807,1733,3237,8109
-71.7,12,25,86,157,350,801,1614,3261,8225
-71.6,16,29,105,161,314,810,1660,3408,8299
-71.5,17,24,76,158,337,829,1628,3301,7942
-71.4,22,33,91,165,315,877,1712,3304,7978
-71.3,13,25,75,173,325,792,1743,3436,7980
-71.2,11,31,79,161,321,844,1645,3326,7942
-71.1,19,31,70,147,341,803,1681,3285,8083
-71,16,30,87,168,319,844,1761,3223,8075
-70.9,20,32,83,150,307,813,1721,3375,8222
-70.8,28,29,68,150,317,861,1724,3318,7956
-70.7,16,29,67,155,339,881,1676,3305,8077
-70.6,10,35,88,152,311,837,1697,3314,8093
-70.5,10,40,84,166,303,796,1679,3255,8112
-70.4,22,35,80,138,323,829,1686,3306,8229
-70.3,14,34,94,147,333,819,1683,3397,8121
-70.2,16,33,71,150,289,763,1612,3303,8118
-70.1,12,35,67,136,333,853,1705,3391,8043
-70,20,34,88,162,319,803,1667,3240,8147
-69.9,19,29,69,160,294,806,1628,3314,8062
-69.8,15,30,79,140,330,838,1621,3332,7991
-69.7,15,37,90,155,321,827,1619,3340,8126
-69.6,13,21,79,162,287,792,1745,3320,8130
-69.5,10,29,91,143,322,884,1636,3344,8172
-69.4,13,24,74,154,336,788,1663,3328,8144
-69.3,18,30,72,169,318,844,1586,3313,8238
-69.2,13,28,84,125,339,848,1660,3226,8032
-69.1,16,19,98,146,327,850,1714,3350,8102
-69,10,34,76,154,303,874,1629,3332,8080
-68.9,16,32,75,165,345,836,1715,3348,8213
-68.8,22,46,75,170,297,864,1759,3235,8039
-68.7,18,42,105,155,333,842,1649,3315,8084
-68.6,20,37,81,178,315,856,1721,3332,8177
-68.5,13,34,64,138,280,825,1679,3257,8028
-68.4,17,41,82,141,307,854,1697,3332,8155
-68.3,11,24,80,150,274,831,1616,3362,8169
-68.2,18,49,87,159,332,843,1621,3284,8017
-68.1,20,34,84,155,290,776,1690,3272,8140
-68,8,36,70,168,335,805,1702,3387,8168
-67.9,18,29,90,141,333,854,1668,3414,8071
-67.8,14,31,82,148,324,837,1694,3323,8089
-67.7,15,36,68,179,302,827,1700,3370,8171
-67.6,18,34,72,144,329,838,1688,3270,8074
-67.5,16,24,69,149,358,805,1633,3366,8196
-67.4,13,38,83,154,297,827,1693,3323,8094
-67.3,14,31,92,158,305,837,1737,3290,8086
-67.2,15,26,88,175,323,809,1701,3331,8006
-67.1,19,35,76,152,292,828,1664,3265,8239
-67,16,39,73,152,348,828,1643,3314,8138
-66.9,23,38,90,157,317,842,1674,3235,8175
-66.8,15,37,83,180,290,835,1777,3310,8081
-66.7,12,37,72,172,339,823,1670,3401,8141
-66.6,16,27,78,153,311,840,1755,3259,8044
-66.5,18,30,72,178,304,879,1675,3426,8242
-66.4,22,25,79,164,339,818,1705,3330,8021
-66.3,7,29,76,172,318,806,1722,3291,8206
-66.2,11,36,78,169,333,819,1654,3344,8164
-66.1,12,41,83,185,321,819,1696,3429,8143
-66,11,46,83,151,353,776,1742,3380,8067
-65.9,12,20,87,169,342,775,1653,3325,8141
-65.8,22,39,84,143,332,889,1671,3230,8131
-65.7,8,41,84,163,306,813,1727,3398,8185
-65.6,19,38,84,155,343,868,1686,3382,8093
-65.5,11,35,94,175,330,870,1623,3201,8068
-65.4,14,24,67,161,337,814,1772,3351,8064
-65.3,18,29,89,170,320,843,1653,3399,8122
-65.2,17,32,73,178,330,859,1699,3352,8167
-65.1,14,35,85,138,339,847,1622,3317,8266
-65,15,41,73,169,300,817,1676,3352,8126
-64.9,17,40,83,171,344,872,1680,3444,8033
-64.8,30,35,76,170,327,835,1750,3360,8186
-64.7,12,34,77,151,334,847,1650,3281,8158
-64.6,12,32,92,152,286,837,1675,3317,8099
-64.5,14,30,82,147,359,808,1717,3238,8101
-64.4,19,35,82,158,311,834,1723,3254,8460
-64.3,19,30,77,155,365,871,1683,3348,8156
-64.2,24,39,58,171,329,784,1661,3293,8170
-64.1,19,34,86,163,308,819,1671,3264,8182
-64,15,29,91,141,319,847,1642,3310,8201
-63.9,22,41,64,157,324,817,1710,3282,8090
-63.8,14,36,61,148,351,852,1668,3381,8367
-63.7,15,38,78,154,305,861,1662,3339,8148
-63.6,13,37,92,164,321,869,1650,3389,8298
-63.5,16,36,89,172,354,850,1748,3261,7997
-63.4,17,41,82,156,315,805,1670,3317,8123
-63.3,9,30,71,159,298,868,1693,3281,8293
-63.2,20,24,80,134,329,810,1697,3207,8197
-63.1,17,20,97,144,329,833,1676,3401,8153
-63,20,39,80,163,317,812,1635,3323,8208
-62.9,17,38,75,161,333,848,1697,3318,8196
-62.8,17,23,87,159,347,862,1587,3410,8137
-62.7,16,38,80,151,308,871,1640,3353,8239
-62.6,17,33,85,144,349,836,1698,3337,8124
-62.5,22,30,95,153,325,849,1670,3338,8215
-62.4,17,30,81,163,382,830,1656,3219,8212
-62.3,12,26,73,170,298,892,1734,3319,8130
-62.2,14,37,103,165,301,861,1674,3328,8185
-62.1,19,41,78,161,340,831,1734,3354,8248
-62,22,35,94,154,320,844,1674,3460,8265
-61.9,23,22,105,153,342,848,1676,3380,8122
-61.8,19,35,71,143,335,867,1671,3410,8177
-61.7,12,38,86,161,323,772,1680,3317,8104
-61.6,14,26,86,151,309,861,1639,3382,8148
-61.5,17,35,79,159,328,847,1596,3407,8335
-61.4,18,41,72,152,333,805,1762,3380,8239
-61.3,18,38,82,148,345,826,1638,3364,8299
-61.2,13,28,76,169,371,884,1700,3290,8116
-61.1,18,46,78,163,315,840,1696,3327,8076
-61,6,27,78,153,291,860,1686,3396,8322
-60.9,15,37,85,153,321,872,1638,3306,8143
-60.8,20,24,81,160,335,860,1735,3262,8164
-60.7,22,32,76,159,316,811,1792,3358,8137
-60.6,11,33,82,153,337,871,1608,3243,8216
-60.5,22,36,81,143,331,832,1606,3322,8101
-60.4,13,31,70,149,312,813,1714,3413,8144
-60.3,20,24,81,157,342,798,1778,3260,8306
-60.2,16,31,80,140,306,794,1684,3327,8040
-60.1,13,33,78,147,363,791,1755,3389,8226
-60,16,35,85,153,328,790,1678,3355,8064
-59.9,15,24,84,146,328,840,1699,3321,8162
-59.8,11,38,69,138,314,815,1642,3475,8099
-59.7,21,27,76,166,283,840,1679,3349,8089
-59.6,16,32,76,151,318,846,1615,3224,8297
-59.5,12,27,76,193,326,818,1739,3330,8094
-59.4,18,27,76,180,297,832,1663,3299,8123
-59.3,18,32,84,150,328,858,1651,3321,8051
-59.2,18,40,80,158,308,830,1741,3330,8013
-59.1,9,19,83,144,336,778,1735,3334,8163
-59,17,36,76,153,338,777,1713,3297,8143
-58.9,17,29,73,159,316,862,1678,3356,8145
-58.8,9,30,81,156,311,900,1711,3310,8228
-58.7,14,39,82,176,302,797,1657,3264,8234
-58.6,12,39,80,169,375,804,1670,3102,8091
-58.5,11,35,90,156,317,857,1761,3440,8154
-58.4,16,42,74,148,343,806,1695,3402,8059
-58.3,14,34,76,140,326,845,1729,3244,8125
-58.2,17,28,77,155,326,864,1665,3401,8277
-58.1,18,24,87,155,328,859,1673,3325,8223
-58,14,30,71,151,307,831,1655,3356,8108
-57.9,16,35,77,157,326,818,1702,3407,8124
-57.8,10,27,97,127,352,849,1659,3291,8168
-57.7,16,38,80,159,313,867,1699,3390,8237
-57.6,11,29,77,169,317,812,1766,3218,8140
-57.5,12,35,81,170,328,848,1724,3394,8285
-57.4,8,34,86,160,336,832,1662,3361,8124
-57.3,12,34,90,183,284,842,1660,3392,8105
-57.2,18,44,73,174,328,798,1692,3417,8194
-57.1,14,44,87,130,316,867,1638,3362,8102
-57,27,37,87,169,315,825,1746,3331,8405
-56.9,12,45,68,165,313,814,1700,3365,8321
-56.8,20,35,82,161,317,868,1737,3464,8125
-56.7,12,28,87,162,345,836,1705,3296,8218
-56.6,24,31,74,169,349,871,1745,3390,8167
-56.5,19,37,73,150,321,885,1744,3499,8213
-56.4,12,43,88,170,343,849,1714,3358,8429
-56.3,18,33,80,129,325,888,1706,3298,8209
-56.2,15,31,65,168,304,797,1683,3362,8246
-56.1,31,35,88,172,324,879,1670,3307,8262
-56,13,32,92,154,328,885,1726,3364,8338
-55.9,20,39,91,138,347,824,1707,3322,8334
-55.8,16,41,77,144,315,820,1668,3371,8236
-55.7,11,39,82,168,362,806,1709,3461,8195
-55.6,12,34,76,146,293,823,1608,3344,8270
-55.5,11,43,78,158,341,814,1690,3370,8339
-55.4,22,36,79,172,324,849,1725,3310,8219
-55.3,16,23,80,187,339,855,1713,3457,8121
-55.2,13,21,86,168,314,800,1642,3372,8164
-55.1,14,27,87,163,296,877,1667,3471,8326
-55,21,27,97,187,350,810,1715,3405,8338
-54.9,16,38,77,183,336,800,1678,3340,8311
-54.8,23,39,76,151,368,829,1698,3434,8280
-54.7,20,36,60,162,318,833,1693,3419,8262
-54.6,19,23,72,167,309,788,1689,3293,8236
-54.5,24,23,84,166,319,810,1682,3338,8424
-54.4,17,36,75,166,341,830,1664,3315,8191
-54.3,11,30,82,159,343,885,1668,3412,8196
-54.2,17,23,84,150,326,822,1697,3366,8294
-54.1,11,33,91,156,309,841,1699,3339,8420
-54,14,27,80,156,356,888,1748,3417,8255
-53.9,13,26,88,159,332,866,1671,3331,8383
-53.8,25,43,81,160,321,848,1651,3379,8211
-53.7,14,36,93,159,316,838,1686,3339,8352
-53.6,14,32,74,140,347,814,1705,3355,8079
-53.5,17,36,85,189,333,800,1748,3344,8026
-53.4,14,43,75,170,334,889,1746,3395,8200
-53.3,18,31,78,168,314,891,1738,3305,8346
-53.2,21,39,68,148,358,860,1765,3420,8322
-53.1,12,38,81,160,332,875,1671,3386,8434
-53,12,24,79,157,374,867,1779,3321,8151
-52.9,18,33,86,172,320,827,1687,3419,8347
-52.8,11,26,80,147,321,794,1747,3446,8344
-52.7,13,32,80,179,308,824,1750,3370,8313
-52.6,12,30,97,158,328,832,1605,3388,8338
-52.5,19,39,74,175,331,795,1712,3345,7986
-52.4,14,26,70,165,340,843,1707,3295,8209
-52.3,20,23,87,160,298,840,1731,3387,8262
-52.2,17,41,83,152,367,832,1706,3465,8289
-52.1,11,32,91,158,310,831,1641,3328,8134
-52,21,35,88,155,329,872,1693,3329,8025
-51.9,26,33,78,170,294,792,1751,3369,8205
-51.8,16,28,67,170,342,848,1669,3323,8243
-51.7,18,31,73,148,343,859,1637,3418,8192
-51.6,14,40,67,149,315,868,1716,3290,8164
-51.5,11,31,77,158,315,828,1642,3268,8102
-51.4,12,29,74,164,327,849,1732,3360,8196
-51.3,14,31,74,178,329,883,1707,3392,8053
-51.2,9,32,81,158,315,918,1630,3270,8297
-51.1,14,34,80,158,315,849,1781,3384,8336
-51,16,37,71,138,327,803,1639,3281,8208
-50.9,17,35,82,170,334,788,1688,3351,8059
-50.8,14,30,76,163,322,823,1718,3344,8239
-50.7,16,25,70,157,310,873,1678,3250,8119
-50.6,8,26,74,155,304,854,1753,3267,8134
-50.5,13,29,78,174,337,843,1655,3381,8051
-50.4,20,31,69,186,306,848,1730,3331,8302
-50.3,27,36,98,145,299,812,1709,3342,8169
-50.2,13,39,71,168,344,834,1644,3316,8207
-50.1,6,30,77,162,358,832,1673,3325,8275
-50,11,32,81,148,328,818,1720,3397,8258
-49.9,14,33,86,159,327,814,1668,3322,8252
-49.8,14,22,72,146,314,856,1754,3243,8065
-49.7,21,28,87,154,357,810,1651,3311,8105
-49.6,19,46,84,144,327,867,1677,3223,8105
-49.5,20,33,77,162,317,840,1740,3324,8203
-49.4,10,31,79,186,335,854,1742,3412,8189
-49.3,11,27,80,156,345,876,1679,3348,8201
-49.2,15,34,68,157,350,768,1672,3356,8196
-49.1,12,32,89,165,386,853,1704,3355,8239
-49,7,46,73,188,292,855,1780,3406,8224
-48.9,20,44,79,160,326,884,1665,3420,8204
-48.8,15,35,98,157,337,848,1723,3371,8190
-48.7,17,34,82,166,317,804,1748,3362,8194
-48.6,10,35,72,171,303,813,1748,3265,8327
-48.5,18,32,78,189,307,859,1681,3256,8211
-48.4,14,26,69,156,302,831,1755,3363,8191
-48.3,15,23,76,135,303,832,1689,3430,8256
-48.2,19,40,79,164,343,860,1761,3358,8146
-48.1,13,33,83,155,328,868,1769,3345,8026
-48,18,29,73,168,302,832,1647,3277,8271
-47.9,16,38,90,160,310,794,1719,3362,8301
-47.8,18,19,84,157,364,831,1676,3303,8214
-47.7,11,39,75,171,326,857,1697,3383,8129
-47.6,9,31,53,183,321,861,1669,3223,8220
-47.5,18,40,79,156,351,850,1711,3384,8169
-47.4,10,35,66,142,386,785,1691,3333,8264
-47.3,11,30,64,138,326,846,1674,3354,8215
-47.2,20,35,94,164,317,852,1702,3357,8191
-47.1,10,32,71,141,324,858,1716,3336,8160
-47,16,35,81,168,341,877,1665,3335,8331
-46.9,20,25,93,154,331,831,1583,3347,8218
-46.8,20,33,78,156,312,857,1714,3447,8213
-46.7,15,33,91,177,317,880,1717,3281,8198
-46.6,14,32,78,150,325,792,1682,3442,8101
-46.5,16,30,85,169,309,823,1748,3450,8276
-46.4,15,25,84,158,292,876,1653,3310,8330
-46.3,20,37,85,143,330,807,1702,3384,8339
-46.2,21,35,89,158,340,844,1606,3307,8237
-46.1,10,30,68,151,347,855,1717,3415,8242
-46,16,32,82,148,332,814,1756,3268,8312
-45.9,18,25,85,150,333,820,1676,3264,8223
-45.8,16,39,81,157,288,803,1644,3457,8288
-45.7,16,25,82,170,358,858,1687,3264,8245
-45.6,21,32,64,172,343,809,1646,3397,8191
-45.5,14,29,79,164,309,830,1692,3376,8133
-45.4,12,49,79,177,310,799,1681,3242,8244
-45.3,12,25,101,144,361,818,1746,3269,8070
-45.2,17,28,82,158,336,803,1700,3316,8082
-45.1,14,38,77,136,388,887,1594,3331,8312
-45,12,34,72,167,344,843,1691,3458,8117
-44.9,14,32,84,166,352,833,1682,3288,8231
-44.8,21,35,76,154,365,796,1750,3330,8168
-44.7,7,40,73,156,300,840,1654,3393,8217
-44.6,16,31,84,160,339,879,1695,3320,8113
-44.5,22,34,75,177,320,839,1733,3464,8375
-44.4,15,26,92,167,326,851,1709,3333,8083
-44.3,17,31,76,146,319,842,1708,3303,8313
-44.2,7,26,82,175,318,851,1728,3208,8224
-44.1,7,33,86,158,336,838,1734,3342,8208
-44,15,47,77,173,317,791,1654,3395,8118
-43.9,17,44,83,161,329,839,1645,3390,8281
-43.8,16,22,76,181,319,842,1701,3317,8073
-43.7,18,31,78,158,352,869,1707,3294,8122
-43.6,15,43,81,137,341,843,1655,3364,8087
-43.5,14,27,80,160,297,813,1678,3330,8212
-43.4,11,39,75,141,335,818,1732,3345,8172
-43.3,18,38,83,180,359,878,1690,3415,8202
-43.2,13,35,80,167,329,870,1759,3517,8262
-43.1,18,23,85,158,320,855,1689,3313,8246
-43,17,24,85,155,327,841,1662,3290,8168
-42.9,14,43,76,137,354,885,1677,3298,8233
-42.8,17,33,86,157,331,848,1694,3320,8101
-42.7,12,40,78,163,306,830,1751,3332,8341
-42.6,16,25,86,166,345,839,1653,3373,8229
-42.5,14,27,80,172,311,831,1712,3382,8204
-42.4,14,32,72,160,358,871,1734,3380,8097
-42.3,18,29,74,167,324,856,1737,3382,8284
-42.2,17,39,77,183,336,834,1657,3355,8439
-42.1,19,43,71,183,338,837,1680,3349,8395
-42,16,32,84,175,317,815,1666,3394,8276
-41.9,16,27,77,159,346,827,1700,3451,8229
-41.8,18,35,97,157,342,859,1693,3363,8179
-41.7,14,41,92,167,329,847,1712,3326,8112
-41.6,15,29,89,151,351,892,1642,3447,8332
-41.5,14,33,75,145,313,853,1709,3299,8285
-41.4,20,37,92,180,302,862,1753,3385,8301
-41.3,16,34,101,164,326,826,1778,3374,8361
-41.2,19,30,87,152,329,848,1692,3386,8442
-41.1,12,37,79,156,323,837,1767,3424,8340
-41,15,37,86,150,332,831,1684,3302,8328
-40.9,15,29,72,143,329,892,1758,3320,8447
-40.8,22,46,82,177,306,847,1687,3367,8087
-40.7,13,37,98,161,353,871,1753,3426,8316
-40.6,21,36,73,172,360,844,1674,3447,8192
-40.5,13,35,87,178,327,908,1688,3384,8354
-40.4,12,34,83,172,303,903,1686,3398,8507
-40.3,15,26,80,160,330,866,1768,3454,8371
-40.2,12,31,65,124,298,833,1762,3356,8262
-40.1,10,36,83,167,334,864,1724,3369,8373
-40,12,35,102,156,347,818,1673,3333,8261
-39.9,14,28,102,200,311,845,1712,3288,8425
-39.8,12,45,85,195,311,873,1776,3417,8473
-39.7,22,29,63,175,318,870,1763,3388,8437
-39.6,20,41,66,150,329,851,1687,3375,8332
-39.5,14,22,87,159,342,835,1760,3430,8379
-39.4,11,39,84,194,331,857,1672,3367,8330
-39.3,23,33,83,150,362,884,1709,3452,8366
-39.2,19,32,84,148,302,826,1693,3426,8510
-39.1,20,28,84,133,331,861,1666,3427,8176
-39,16,40,85,155,337,823,1754,3416,8317
-38.9,11,32,85,182,311,849,1786,3435,8432
-38.8,24,35,81,148,317,873,1749,3439,8338
-38.7,15,35,79,168,326,828,1694,3386,8445
-38.6,16,40,99,147,325,843,1812,3456,8211
-38.5,16,32,90,183,312,855,1672,3472,8275
-38.4,14,25,94,158,333,865,1705,3424,8464
-38.3,17,35,87,187,314,872,1758,3344,8571
-38.2,12,24,64,185,350,856,1653,3335,8399
-38.1,21,31,75,156,325,849,1683,3337,8313
-38,11,39,77,130,347,852,1643,3285,8092
-37.9,16,22,88,176,322,853,1677,3452,8508
-37.8,14,30,90,158,343,831,1686,3375,8382
-37.7,17,30,103,183,324,872,1695,3304,8355
-37.6,15,32,103,151,343,839,1745,3404,8370
-37.5,8,28,74,164,344,834,1677,3467,8395
-37.4,14,31,70,146,349,808,1697,3412,8171
-37.3,19,43,83,172,350,895,1726,3414,8361
-37.2,10,28,84,162,359,828,1705,3499,8335
-37.1,19,23,98,166,333,850,1624,3381,8432
-37,13,31,66,149,328,905,1722,3556,8378
-36.9,12,22,86,169,357,842,1804,3555,8207
-36.8,17,39,87,154,345,887,1700,3388,8451
-36.7,14,33,83,164,334,866,1736,3292,8354
-36.6,10,37,89,158,319,857,1762,3431,8196
-36.5,17,40,80,163,362,826,1772,3352,8406
-36.4,18,33,83,165,328,837,1801,3410,8302
-36.3,20,34,101,164,352,838,1708,3374,8170
-36.2,16,33,82,153,337,891,1722,3419,8241
-36.1,22,30,103,163,338,846,1682,3387,8253
-36,24,33,81,168,344,924,1759,3441,8435
-35.9,16,27,108,175,292,823,1726,3382,8300
-35.8,11,29,92,198,343,858,1749,3408,8390
-35.7,13,19,95,179,346,815,1785,3358,8379
-35.6,11,31,94,173,343,874,1736,3390,8386
-35.5,19,46,94,152,339,848,1620,3447,8405
-35.4,15,38,92,168,338,891,1717,3467,8303
-35.3,21,33,92,169,339,824,1762,3420,8397
-35.2,19,30,76,155,345,863,1768,3351,8210
-35.1,6,39,75,177,329,878,1702,3449,8345
-35,22,32,88,185,303,833,1700,3478,8458
-34.9,15,38,77,159,306,883,1780,3521,8334
-34.8,18,38,77,143,327,787,1717,3334,8302
-34.7,15,38,83,180,350,869,1728,3413,8408
-34.6,10,38,77,143,327,855,1757,3436,8248
-34.5,16,33,83,149,339,819,1714,3307,8368
-34.4,21,38,102,144,349,867,1722,3422,8410
-34.3,24,41,83,171,316,915,1737,3356,8341
-34.2,19,37,100,151,347,861,1688,3505,8246
-34.1,16,28,77,167,335,870,1715,3526,8581
-34,13,33,83,158,322,835,1830,3373,8303
-33.9,21,32,80,166,333,862,1790,3332,8310
-33.8,12,28,81,157,365,837,1652,3433,8336
-33.7,18,28,102,159,350,888,1768,3470,8229
-33.6,20,28,92,149,340,906,1716,3356,8344
-33.5,12,35,91,197,373,889,1650,3466,8404
-33.4,16,35,75,148,342,856,1742,3412,8347
-33.3,13,34,85,161,330,868,1735,3427,8429
-33.2,17,30,86,144,338,844,1768,3387,8425
-33.1,20,29,81,161,331,860,1700,3389,8299
-33,22,37,89,159,340,841,1666,3561,8248
-32.9,9,33,71,159,326,837,1728,3360,8344
-32.8,18,36,73,169,313,775,1696,3393,8315
-32.7,28,28,79,157,327,829,1777,3418,8227
-32.6,12,30,86,164,346,827,1699,3419,8480
-32.5,18,37,84,160,331,887,1739,3364,8260
-32.4,20,34,87,158,333,842,1669,3384,8409
-32.3,24,32,70,164,326,849,1753,3394,8321
-32.2,11,26,78,152,353,858,1681,3425,8334
-32.1,16,30,78,151,334,843,1722,3312,8352
-32,16,42,72,148,369,849,1712,3310,8460
-31.9,16,32,92,159,336,857,1734,3375,8363
-31.8,11,33,82,154,312,814,1742,3379,8259
-31.7,20,28,75,131,342,913,1712,3426,8334
-31.6,22,32,76,151,346,788,1755,3384,8406
-31.5,18,43,78,166,320,872,1706,3378,8386
-31.4,17,33,88,171,327,849,1740,3508,8466
-31.3,17,41,89,187,336,835,1711,3403,8386
-31.2,20,26,89,167,372,830,1713,3400,8263
-31.1,21,36,84,173,321,875,1757,3351,8396
-31,14,34,97,162,326,828,1748,3442,8203
-30.9,14,29,87,156,335,848,1749,3372,8215
-30.8,16,35,88,158,372,863,1652,3289,8245
-30.7,15,29,85,157,345,896,1759,3458,8269
-30.6,19,43,84,161,323,872,1674,3360,8361
-30.5,17,36,74,194,321,878,1697,3381,8346
-30.4,19,35,72,168,342,860,1691,3350,8259
-30.3,27,37,77,162,329,856,1701,3381,8244
-30.2,15,31,74,169,335,920,1743,3396,8160
-30.1,12,34,100,150,330,801,1728,3391,8374
-30,9,30,94,174,339,867,1758,3328,8342
-29.9,18,31,69,165,340,862,1762,3414,8408
-29.8,19,35,87,170,349,892,1599,3480,8329
-29.7,20,35,81,167,350,835,1663,3398,8304
-29.6,12,24,93,165,361,841,1716,3288,8414
-29.5,20,23,77,157,329,839,1773,3467,8406
-29.4,23,31,93,136,337,810,1708,3325,8245
-29.3,15,33,89,144,357,869,1673,3307,8532
-29.2,18,35,77,170,326,796,1686,3429,8294
-29.1,25,34,71,160,344,831,1699,3326,8467
-29,15,29,82,175,341,881,1785,3432,8456
-28.9,21,28,91,174,350,863,1836,3315,8324
-28.8,12,43,79,152,344,881,1700,3403,8403
-28.7,14,32,84,169,333,847,1826,3358,8335
-28.6,23,28,88,163,343,867,1731,3352,8314
-28.5,13,25,59,177,347,856,1753,3366,8437
-28.4,18,33,76,171,354,813,1680,3384,8381
-28.3,10,34,93,154,332,860,1779,3478,8538
-28.2,13,34,88,174,370,863,1788,3464,8575
-28.1,15,39,92,151,331,914,1739,3477,8470
-28,17,43,69,149,323,843,1711,3440,8361
-27.9,15,36,78,159,321,870,1768,3401,8314
-27.8,13,38,78,143,318,880,1773,3468,8210
-27.7,17,31,87,174,327,778,1696,3470,8333
-27.6,12,33,86,149,355,890,1668,3433,8349
-27.5,16,34,93,167,325,863,1784,3418,8338
-27.4,11,34,85,144,297,856,1777,3392,8359
-27.3,18,34,66,167,365,851,1687,3282,8111
-27.2,14,33,87,147,323,847,1770,3470,8339
-27.1,14,28,84,171,325,831,1706,3491,8437
-27,16,27,91,158,359,828,1680,3391,8398
-26.9,19,36,81,169,343,836,1715,3466,8363
-26.8,17,35,88,165,330,870,1700,3480,8509
-26.7,17,30,84,169,317,875,1778,3388,8252
-26.6,14,37,91,162,311,860,1678,3390,8450
-26.5,17,24,86,155,354,899,1727,3491,8502
-26.4,11,42,83,168,324,795,1723,3436,8373
-26.3,17,24,90,186,327,803,1636,3349,8688
-26.2,15,24,98,151,335,811,1744,3347,8547
-26.1,8,29,78,128,327,883,1721,3418,8441
-26,25,39,77,161,355,885,1698,3448,8385
-25.9,18,38,85,148,323,818,1716,3412,8269
-25.8,15,34,88,190,333,876,1665,3346,8331
-25.7,10,29,94,170,358,891,1659,3383,8249
-25.6,20,31,76,150,316,877,1714,3323,8207
-25.5,16,43,81,168,338,830,1672,3388,8471
-25.4,17,32,65,165,318,877,1753,3412,8320
-25.3,24,31,78,155,342,893,1715,3328,8418
-25.2,11,33,90,141,315,816,1677,3448,8281
-25.1,21,33,73,150,341,860,1764,3314,8497
-25,15,34,79,170,320,873,1721,3436,8489
-24.9,13,30,95,149,312,864,1695,3377,8387
-24.8,16,32,82,156,306,868,1763,3315,8398
-24.7,25,37,93,166,323,863,1654,3479,8377
-24.6,20,44,67,164,321,861,1781,3427,8288
-24.5,20,28,91,167,337,817,1656,3383,8213
-24.4,15,28,65,135,321,892,1747,3533,8526
-24.3,19,34,81,162,364,861,1734,3380,8337
-24.2,18,40,90,164,302,784,1727,3357,8387
-24.1,12,30,72,196,317,799,1695,3414,8458
-24,13,24,87,182,311,869,1713,3389,8304
-23.9,22,40,85,158,355,841,1725,3459,8362
-23.8,28,36,77,181,336,891,1727,3435,8451
-23.7,17,36,76,163,330,847,1723,3459,8284
-23.6,19,32,70,157,325,938,1710,3418,8383
-23.5,19,36,82,175,361,932,1736,3416,8317
-23.4,12,30,80,144,374,873,1598,3312,8188
-23.3,22,40,78,153,318,868,1726,3429,8398
-23.2,9,31,106,165,331,863,1759,3419,8268
-23.1,23,36,88,180,337,854,1729,3457,8248
-23,17,29,87,164,334,865,1718,3481,8217
-22.9,19,30,73,162,343,860,1778,3368,8408
-22.8,18,39,89,163,351,858,1787,3416,8285
-22.7,18,30,87,167,363,840,1777,3375,8499
-22.6,9,35,76,180,367,882,1656,3416,8219
-22.5,12,24,77,168,306,860,1720,3382,8468
-22.4,16,28,90,158,335,876,1704,3431,8433
-22.3,11,31,67,164,343,848,1758,3509,8570
-22.2,23,33,79,171,352,851,1683,3392,8391
-22.1,12,35,75,167,371,845,1721,3361,8515
-22,14,27,74,164,315,870,1742,3403,8434
-21.9,21,35,80,186,342,891,1724,3450,8411
-21.8,17,33,89,188,320,915,1695,3475,8484
-21.7,8,37,77,177,342,831,1721,3452,8368
-21.6,12,22,99,154,338,871,1719,3413,8465
-21.5,18,33,72,149,359,853,1724,3508,8341
-21.4,6,29,86,183,380,818,1753,3492,8475
-21.3,18,30,74,152,315,880,1763,3427,8522
-21.2,17,36,89,138,338,863,1809,3492,8502
-21.1,17,27,98,177,310,897,1770,3459,8394
-21,18,38,78,175,350,871,1729,3464,8485
-20.9,22,32,92,153,360,877,1740,3520,8555
-20.8,19,36,70,206,319,858,1717,3461,8377
-20.7,20,37,96,158,329,916,1768,3361,8276
-20.6,20,37,87,158,372,819,1704,3372,8354
-20.5,14,37,79,153,316,891,1764,3311,8457
-20.4,13,24,97,144,345,888,1718,3440,8304
-20.3,24,30,68,158,328,880,1708,3443,8369
-20.2,13,39,69,166,349,874,1740,3382,8588
-20.1,14,31,76,171,314,886,1775,3428,8331
-20,15,29,85,157,362,840,1745,3416,8547
-19.9,18,37,65,151,338,809,1674,3406,8370
-19.8,14,31,88,156,330,883,1803,3421,8444
-19.7,14,37,92,151,345,860,1714,3430,8478
-19.6,15,42,74,183,347,825,1683,3510,8524
-19.5,16,31,102,167,355,891,1833,3399,8416
-19.4,20,24,90,154,333,842,1769,3398,8486
-19.3,19,37,70,159,345,836,1805,3421,8406
-19.2,14,24,76,156,316,866,1703,3460,8618
-19.1,21,25,81,161,348,833,1665,3442,8444
-19,15,34,82,183,321,878,1734,3488,8460
-18.9,19,34,71,143,315,877,1721,3382,8381
-18.8,15,30,67,189,338,889,1715,3469,8258
-18.7,21,32,81,171,332,863,1816,3489,8196
-18.6,16,25,98,168,325,876,1699,3325,8275
-18.5,11,30,74,156,348,841,1712,3422,8382
-18.4,19,36,82,144,321,859,1643,3367,8278
-18.3,20,33,101,181,328,877,1733,3415,8497
-18.2,8,37,88,143,310,872,1717,3374,8302
-18.1,14,43,89,141,288,808,1733,3393,8434
-18,11,27,96,166,344,855,1775,3385,8409
-17.9,11,40,85,146,348,872,1734,3303,8417
-17.8,19,44,88,157,319,851,1743,3398,8417
-17.7,15,37,66,173,323,852,1723,3478,8495
-17.6,19,29,81,150,331,848,1763,3531,8548
-17.5,11,26,77,167,342,886,1766,3492,8331
-17.4,20,31,104,181,282,845,1703,3471,8215
-17.3,19,27,83,149,327,877,1802,3483,8214
-17.2,23,30,80,175,334,897,1692,3332,8409
-17.1,18,32,76,174,328,794,1712,3490,8442
-17,9,31,84,166,351,798,1726,3462,8406
-16.9,17,35,86,124,325,781,1649,3355,8458
-16.8,12,49,89,141,353,908,1741,3384,8340
-16.7,18,34,86,158,344,861,1685,3405,8415
-16.6,14,29,91,182,313,821,1705,3369,8260
-16.5,21,31,90,163,332,890,1718,3390,8414
-16.4,22,34,90,178,321,877,1757,3401,8341
-16.3,12,33,85,169,327,839,1727,3461,8333
-16.2,22,40,62,157,361,818,1753,3491,8445
-16.1,15,37,88,177,328,865,1801,3454,8458
-16,16,40,97,175,368,862,1792,3590,8377
-15.9,17,36,80,184,343,896,1686,3425,8393
-15.8,18,37,92,157,327,857,1775,3451,8568
-15.7,22,29,81,153,295,850,1811,3455,8527
-15.6,18,38,84,151,333,869,1727,3437,8388
-15.5,17,33,67,177,348,925,1694,3452,8506
-15.4,12,34,71,165,317,863,1763,3468,8361
-15.3,11,40,100,163,352,866,1808,3402,8453
-15.2,9,29,81,164,365,905,1734,3490,8435
-15.1,16,33,91,157,339,819,1784,3463,8470
-15,13,35,87,156,341,868,1772,3505,8543
-14.9,12,41,90,143,388,831,1809,3403,8514
-14.8,20,37,90,144,329,834,1687,3570,8578
-14.7,18,41,97,168,359,898,1725,3466,8543
-14.6,17,30,82,157,323,795,1743,3467,8474
-14.5,16,27,110,169,340,823,1736,3439,8558
-14.4,21,38,77,158,345,858,1719,3507,8471
-14.3,10,31,94,175,366,923,1782,3447,8417
-14.2,21,40,97,169,302,795,1720,3479,8435
-14.1,22,27,82,167,299,902,1824,3429,8597
-14,15,37,85,170,366,833,1809,3452,8357
-13.9,12,35,87,164,379,828,1752,3516,8341
-13.8,12,32,85,158,321,856,1776,3414,8416
-13.7,17,32,83,170,350,851,1780,3520,8273
-13.6,20,35,85,143,337,904,1727,3522,8398
-13.5,14,43,93,153,372,861,1844,3417,8535
-13.4,17,31,102,162,348,863,1720,3508,8683
-13.3,14,38,84,162,335,856,1707,3581,8542
-13.2,16,38,85,171,316,851,1742,3386,8416
-13.1,14,31,77,164,357,831,1721,3459,8598
-13,14,38,75,145,326,878,1745,3411,8497
-12.9,21,29,94,142,356,871,1701,3413,8542
-12.8,20,38,71,149,329,842,1799,3360,8457
-12.7,13,29,78,140,336,846,1730,3499,8276
-12.6,22,33,88,186,323,904,1721,3430,8182
-12.5,16,24,83,158,343,859,1784,3410,8346
-12.4,23,28,79,162,332,875,1683,3434,8423
-12.3,17,35,87,165,324,875,1724,3480,8541
-12.2,15,45,80,159,325,839,1674,3465,8355
-12.1,24,31,89,156,299,842,1832,3417,8490
-12,24,30,99,168,338,908,1776,3518,8576
-11.9,17,28,80,169,355,880,1782,3510,8510
-11.8,16,25,89,176,318,854,1669,3417,8577
-11.7,12,38,74,168,378,848,1780,3449,8442
-11.6,16,30,84,187,320,829,1788,3392,8372
-11.5,10,34,73,146,362,851,1791,3288,8435
-11.4,16,34,86,164,341,898,1753,3452,8339
-11.3,12,39,93,157,318,851,1764,3477,8392
-11.2,15,41,97,160,311,861,1718,3289,8422
-11.1,13,43,78,152,357,841,1676,3240,8192
-11,17,30,57,146,329,841,1664,3331,8223
-10.9,8,27,70,158,309,862,1746,3446,8262
-10.8,21,30,72,153,321,837,1845,3419,8241
-10.7,16,28,94,147,319,844,1714,3425,8268
-10.6,14,30,85,154,351,886,1732,3361,8265
-10.5,20,37,71,179,307,846,1686,3453,8209
-10.4,23,50,74,164,362,904,1678,3412,8400
-10.3,12,34,88,183,315,836,1685,3448,8300
-10.2,19,40,82,151,347,853,1739,3343,8309
-10.1,16,40,88,145,298,843,1724,3448,8251
-10,19,36,88,162,319,854,1652,3432,8332
-9.9,8,29,80,161,318,828,1712,3440,8177
-9.8,19,34,87,162,346,858,1759,3339,8316
-9.7,12,44,77,172,337,836,1719,3380,8351
-9.6,18,30,87,158,318,865,1692,3381,8229
-9.5,11,32,86,174,331,872,1692,3368,8237
-9.4,20,29,84,142,343,845,1731,3316,8247
-9.3,16,37,95,172,334,831,1776,3397,8156
-9.2,12,40,85,169,345,819,1700,3385,8179
-9.1,14,33,71,149,371,829,1686,3366,8238
-9,13,34,78,183,348,873,1689,3386,8287
-8.9,16,30,71,149,348,865,1679,3324,8348
-8.8,22,42,67,139,343,889,1732,3337,8240
-8.7,11,27,85,159,312,857,1645,3429,8303
-8.6,8,34,82,155,338,865,1769,3454,8386
-8.5,19,31,78,146,281,830,1700,3414,8252
-8.4,16,33,99,174,327,856,1649,3338,8470
-8.3,19,26,76,155,315,852,1717,3489,8502
-8.2,14,40,86,167,291,841,1790,3307,8430
-8.1,19,35,75,171,330,811,1623,3388,8322
-8,14,30,78,177,359,831,1766,3423,8438
-7.9,11,35,76,153,325,813,1729,3375,8179
-7.8,19,34,77,151,319,819,1799,3315,8174
-7.7,18,36,78,163,313,861,1701,3424,8288
-7.6,20,43,87,170,312,856,1655,3424,8240
-7.5,14,43,91,158,359,870,1724,3455,8403
-7.4,19,37,79,165,338,849,1689,3523,8297
-7.3,18,24,99,160,340,862,1648,3356,8304
-7.2,15,36,83,178,340,807,1709,3503,8462
-7.1,25,25,90,151,348,856,1671,3400,8350
-7,23,37,83,163,311,893,1788,3394,8224
-6.9,17,45,77,149,347,856,1783,3395,8557
-6.8,9,39,79,156,332,877,1641,3405,8410
-6.7,11,31,80,192,332,830,1705,3614,8361
-6.6,18,24,58,171,314,817,1709,3484,8528
-6.5,16,34,74,189,303,860,1804,3438,8306
-6.4,19,38,83,176,341,898,1762,3389,8431
-6.3,17,34,92,166,314,853,1729,3361,8299
-6.2,19,38,93,164,348,822,1697,3446,8220
-6.1,10,39,72,143,343,824,1730,3463,8311
-6,28,40,86,166,306,864,1740,3407,8278
-5.9,20,25,79,137,351,862,1636,3354,8281
-5.8,17,29,87,152,332,815,1696,3285,8247
-5.7,17,35,77,159,343,847,1758,3314,8314
-5.6,13,33,84,133,321,862,1691,3423,8287
-5.5,8,37,86,153,350,850,1721,3317,8178
-5.4,19,33,95,151,326,865,1716,3388,8314
-5.3,13,35,85,161,343,856,1724,3422,8371
-5.2,13,32,85,174,296,825,1733,3444,8345
-5.1,19,37,86,189,312,850,1708,3490,8366
-5,14,30,76,174,315,861,1710,3428,8390
-4.9,12,31,72,176,335,831,1707,3403,8326
-4.8,19,39,84,161,324,921,1785,3467,8324
-4.7,19,36,65,193,314,895,1792,3377,8523
-4.6,18,28,84,159,318,862,1734,3373,8392
-4.5,22,23,103,130,328,831,1799,3454,8335
-4.4,16,27,88,173,339,900,1727,3425,8290
-4.3,16,36,87,148,330,798,1702,3354,8465
-4.2,19,36,72,184,338,845,1720,3298,8260
-4.1,15,32,97,158,320,904,1670,3401,8308
-4,15,34,72,149,350,830,1705,3377,8346
-3.9,21,36,75,140,358,828,1709,3286,8319
-3.8,13,42,89,177,321,870,1644,3375,8388
-3.7,16,29,86,152,324,888,1684,3444,8398
-3.6,13,39,89,166,340,936,1709,3381,8345
-3.5,13,27,104,156,332,790,1728,3433,8483
-3.4,15,29,108,157,342,868,1832,3469,8603
-3.3,16,44,87,164,328,854,1785,3404,8554
-3.2,17,32,86,156,337,849,1715,3376,8535
-3.1,14,27,96,166,324,872,1727,3434,8425
-3,17,27,86,178,343,912,1810,3542,8553
-2.9,12,35,88,148,325,906,1714,3510,8243
-2.8,18,47,99,162,348,852,1813,3434,8378
-2.7,13,38,82,179,340,895,1800,3422,8665
-2.6,13,38,77,171,337,855,1756,3451,8424
-2.5,14,32,70,158,356,868,1761,3468,8427
-2.4,18,31,67,154,329,909,1735,3320,8229
-2.3,16,29,78,151,348,869,1757,3457,8432
-2.2,15,33,82,181,353,934,1738,3549,8386
-2.1,22,29,85,177,313,890,1712,3435,8359
-2,27,33,75,153,335,907,1706,3439,8532
-1.9,14,37,70,149,339,919,1752,3381,8667
-1.8,21,40,79,150,342,869,1788,3432,8613
-1.7,24,24,84,159,342,854,1833,3440,8592
-1.6,9,38,81,157,344,887,1836,3553,8689
-1.5,21,35,78,161,359,900,1717,3570,8768
-1.4,16,22,80,146,332,855,1790,3414,8736
-1.3,13,37,91,170,329,940,1775,3600,8605
-1.2,16,32,73,183,359,880,1818,3559,8630
-1.1,11,31,75,164,336,878,1769,3534,8620
-1,16,41,85,185,352,865,1861,3571,8610
-0.9,14,39,93,177,345,930,1786,3466,8631
-0.8,14,27,102,181,342,911,1893,3631,8622
-0.7,16,29,80,192,353,941,1755,3594,8725
-0.6,8,35,82,152,380,880,1742,3565,8801
-0.5,14,30,79,175,359,875,1747,3620,8824
-0.4,14,26,93,185,361,883,1764,3705,8647
-0.3,17,41,89,164,349,915,1854,3622,8879
-0.2,15,31,92,183,369,922,1929,3594,8900
-0.1,12,33,83,173,384,940,1821,3671,8834
0,7,36,81,176,359,911,1829,3554,8783
0.1,21,37,89,169,380,938,1839,3632,8824
0.2,17,34,77,167,363,875,1870,3624,8984
0.3,12,33,91,166,384,920,1812,3689,9120
0.4,16,35,93,167,335,910,1776,3708,8944
0.5,22,35,91,190,375,886,1816,3596,8803
0.6,12,25,98,180,373,930,1849,3602,9019
0.7,19,41,85,166,368,921,1785,3564,9012
0.8,23,40,81,167,359,932,1749,3536,8926
0.9,18,36,75,162,353,897,1800,3547,8899
1,17,27,89,154,322,874,1835,3469,8807
1.1,13,29,88,161,341,867,1837,3630,8712
1.2,22,42,83,188,360,899,1816,3527,8586
1.3,17,38,86,164,324,897,1759,3571,8723
1.4,17,40,88,177,345,886,1830,3493,8809
1.5,19,41,81,186,330,869,1747,3690,8668
1.6,13,31,74,172,351,901,1767,3551,8901
1.7,13,41,89,204,334,907,1831,3570,8828
1.8,18,38,82,150,319,955,1739,3654,8767
1.9,18,33,80,157,338,922,1816,3545,8646
2,16,30,76,169,336,880,1732,3658,8603
2.1,9,37,109,173,346,829,1760,3529,8523
2.2,12,32,70,161,308,873,1788,3613,8624
2.3,18,30,81,175,375,829,1823,3546,8702
2.4,22,35,100,177,334,850,1714,3422,8450
2.5,17,35,84,146,318,867,1770,3445,8567
2.6,20,29,85,159,358,912,1757,3586,8515
2.7,17,30,91,162,344,868,1773,3431,8489
2.8,17,31,83,175,332,862,1751,3470,8412
2.9,20,40,75,154,357,873,1701,3567,8401
3,16,30,82,167,326,879,1772,3623,8670
3.1,16,47,63,177,363,883,1697,3407,8545
3.2,14,39,88,182,324,895,1769,3362,8494
3.3,14,28,82,153,326,875,1689,3527,8542
3.4,23,36,79,186,351,909,1762,3644,8449
3.5,13,40,67,143,351,879,1770,3516,8459
3.6,14,24,95,183,340,867,1746,3469,8486
3.7,24,29,90,168,350,875,1773,3420,8496
3.8,16,46,84,170,313,878,1781,3391,8553
3.9,18,34,94,180,311,865,1703,3329,8357
4,14,27,79,180,364,878,1785,3648,8453
4.1,20,46,83,185,304,883,1818,3411,8425
4.2,17,39,76,159,344,861,1764,3599,8338
4.3,29,37,107,164,340,903,1773,3400,8190
4.4,10,39,99,162,307,814,1765,3331,8398
4.5,25,53,88,175,318,911,1725,3418,8339
4.6,16,40,81,190,328,868,1728,3455,8339
4.7,19,29,99,174,341,863,1758,3415,8681
4.8,19,34,100,165,325,813,1776,3315,8446
4.9,19,34,76,185,353,866,1704,3479,8409
5,14,38,63,151,316,878,1690,3333,8202
5.1,13,33,82,136,350,839,1797,3343,8215
5.2,19,33,74,167,325,822,1775,3481,8341
5.3,15,29,82,165,305,872,1738,3450,8427
5.4,14,19,70,172,327,882,1731,3394,8449
5.5,17,29,87,163,324,890,1804,3429,8476
5.6,18,23,86,162,338,866,1722,3490,8411
5.7,17,33,85,148,311,847,1739,3379,8278
5.8,16,23,79,139,320,897,1779,3467,8508
5.9,16,43,89,187,319,855,1769,3432,8616
6,27,37,71,161,350,851,1711,3461,8325
6.1,9,35,72,171,329,876,1766,3456,8463
6.2,8,25,91,193,387,834,1706,3328,8464
6.3,17,24,73,155,339,826,1683,3418,8427
6.4,18,40,69,174,320,825,1776,3417,8299
6.5,18,30,75,184,329,850,1795,3397,8317
6.6,21,26,79,157,327,859,1761,3274,8345
6.7,10,22,82,180,371,865,1749,3383,8309
6.8,11,38,73,159,300,836,1723,3455,8286
6.9,18,24,81,164,315,843,1747,3402,8389
7,15,29,72,169,344,845,1712,3415,8449
7.1,8,24,97,163,307,875,1724,3396,8417
7.2,12,25,87,134,302,839,1713,3454,8482
7.3,12,36,76,132,315,887,1765,3465,8342
7.4,15,34,87,153,350,849,1714,3318,8284
7.5,27,35,82,152,347,865,1708,3467,8431
7.6,19,35,78,190,315,841,1700,3482,8424
7.7,12,31,83,176,370,842,1677,3372,8210
7.8,12,27,87,171,343,851,1761,3404,8223
7.9,13,47,89,171,329,845,1734,3472,8168
8,18,35,83,144,337,897,1691,3382,8293
8.1,17,35,81,171,335,890,1686,3359,8340
8.2,17,35,80,180,339,866,1708,3417,8417
8.3,17,34,92,167,343,878,1676,3459,8166
8.4,14,33,95,157,344,864,1778,3258,8335
8.5,19,30,102,124,342,833,1789,3391,8389
8.6,15,35,71,150,348,854,1726,3475,8242
8.7,15,27,84,174,348,893,1711,3345,8319
8.8,12,27,89,151,319,782,1706,3412,8152
8.9,21,45,83,172,330,840,1679,3411,8199
9,15,24,88,159,362,837,1760,3432,8361
9.1,18,31,85,144,318,780,1725,3422,8359
9.2,16,31,91,161,289,839,1718,3420,8441
9.3,19,34,68,165,342,892,1745,3451,8233
9.4,12,39,86,172,343,839,1725,3411,8285
9.5,12,26,75,147,350,887,1718,3416,8316
9.6,20,26,70,129,312,864,1689,3392,8137
9.7,17,36,76,155,320,800,1805,3378,8240
9.8,10,34,88,162,338,831,1702,3330,8198
9.9,12,33,72,155,304,891,1649,3297,8061
10,13,26,72,166,324,851,1687,3307,8023
10.1,13,38,68,169,346,856,1773,3341,8131
10.2,13,25,64,151,313,839,1711,3337,8098
10.3,16,45,69,165,309,841,1685,3327,8002
10.4,15,26,84,173,316,874,1640,3331,8156
10.5,14,23,67,166,288,806,1673,3273,8079
10.6,20,28,83,175,341,825,1717,3274,8095
10.7,24,29,65,167,314,834,1746,3284,8051
10.8,18,27,79,152,306,832,1678,3361,8179
10.9,14,36,69,165,348,878,1788,3317,8211
11,19,38,86,148,323,794,1657,3312,8144
11.1,16,35,86,144,334,841,1642,3343,8261
11.2,10,16,78,153,297,827,1636,3395,8128
11.3,14,31,70,174,313,829,1678,3272,8078
11.4,24,27,82,165,311,762,1633,3265,8189
11.5,13,35,75,154,300,787,1660,3363,8053
11.6,11,31,87,162,321,793,1678,3301,7943
11.7,13,30,74,150,320,842,1696,3222,8021
11.8,19,35,90,140,312,870,1741,3123,7911
11.9,13,27,71,160,329,808,1676,3258,7917
12,19,31,100,137,333,818,1657,3155,7898
12.1,14,23,69,150,329,840,1704,3219,7983
12.2,13,35,87,141,332,798,1578,3290,7893
12.3,21,33,92,133,308,756,1570,3150,7839
12.4,20,32,85,142,320,796,1686,3268,7762
12.5,22,30,81,166,299,842,1669,3262,7932
12.6,11,27,82,147,283,785,1657,3289,7785
12.7,11,28,90,150,349,816,1570,3237,7729
12.8,13,34,93,181,334,789,1594,3324,7858
12.9,11,28,74,138,298,845,1559,3257,7875
13,12,36,70,159,316,747,1518,3162,7696
13.1,8,29,67,126,311,800,1548,3126,7681
13.2,18,25,74,130,286,823,1664,3119,7681
13.3,10,23,91,154,309,779,1528,3041,7682
13.4,14,33,85,138,286,741,1583,3044,7441
13.5,13,26,90,142,307,765,1531,3031,7673
13.6,15,34,71,156,308,787,1558,3044,7496
13.7,9,30,66,165,287,765,1475,3030,7398
13.8,16,36,85,141,319,760,1501,3096,7439
13.9,20,24,70,157,336,757,1489,3083,7363
14,20,30,78,159,274,743,1514,3050,7226
14.1,22,20,74,161,285,718,1412,2993,7240
14.2,15,35,60,152,298,746,1483,2908,7303
14.3,10,36,71,157,286,759,1483,2957,6991
14.4,13,26,82,125,287,718,1552,2970,7116
14.5,17,29,74,143,271,732,1453,2900,7053
14.6,12,19,88,133,270,683,1431,2860,6917
14.7,9,25,73,148,275,683,1439,2755,6962
14.8,15,34,68,160,273,708,1387,2728,6937
14.9,10,27,69,119,281,649,1373,2887,6908
15,12,19,62,110,246,640,1380,2726,6716
15.1,13,34,61,130,271,676,1357,2705,6691
15.2,13,22,69,115,288,702,1322,2587,6526
15.3,12,34,54,128,248,645,1314,2515,6262
15.4,12,22,66,108,226,640,1294,2516,6169
15.5,9,31,55,106,226,626,1256,2536,6047
15.6,9,27,72,105,237,607,1144,2505,6124
15.7,11,28,49,114,214,604,1270,2401,5939
15.8,12,16,62,112,227,604,1143,2333,5664
15.9,11,19,51,97,203,566,1167,2274,5662
16,6,23,57,109,211,538,1162,2203,5635
16.1,11,23,68,100,198,531,1164,2205,5503
16.2,9,23,64,105,226,561,1096,2121,5084
16.3,10,14,63,81,183,519,1037,2108,5153
16.4,10,16,50,83,207,519,1029,1975,4850
16.5,6,25,44,88,191,528,1007,1915,4784
16.6,10,17,41,86,169,409,922,1858,4568
16.7,3,17,34,82,161,466,844,1782,4270
16.8,11,10,39,81,160,390,824,1639,4088
16.9,6,17,42,70,162,400,804,1571,4021
17,12,13,25,70,185,397,731,1572,3716
17.1,5,16,39,78,134,348,793,1423,3536
17.2,8,18,30,60,112,328,667,1338,3277
17.3,2,6,28,55,129,286,657,1203,3010
17.4,7,9,25,50,114,275,571,1171,2833
17.5,9,16,33,53,108,280,556,1066,2599
17.6,3,9,30,44,97,265,516,1040,2332
17.7,10,6,32,44,76,211,469,878,2159
17.8,1,7,13,46,67,233,412,796,2039
17.9,4,10,28,33,76,210,383,775,1858
18,1,8,17,46,75,181,402,758,1836
18.1,4,11,13,31,65,177,383,726,1769
18.2,2,8,22,18,75,190,385,742,1794
18.3,3,8,21,33,77,197,396,811,1948
18.4,4,8,24,44,66,196,456,875,2092
18.5,2,7,27,37,105,221,449,902,2210
18.6,5,9,25,39,91,231,482,1046,2393
18.7,6,11,26,46,115,276,559,1069,2687
18.8,13,18,21,57,124,304,630,1215,2964
18.9,3,7,34,65,116,337,612,1296,3197
19,6,22,29,71,136,334,637,1337,3373
19.1,5,13,35,71,124,358,749,1404,3510
19.2,9,18,42,75,145,383,845,1462,3781
19.3,6,14,35,93,155,422,823,1588,4060
19.4,5,17,46,70,140,422,868,1760,4235
19.5,8,17,49,76,170,424,911,1803,4368
19.6,8,17,45,79,174,481,926,1861,4570
19.7,8,12,41,72,199,445,977,1929,4814
19.8,7,20,56,85,174,530,1034,1971,4842
19.9,7,22,50,99,211,525,1044,2067,5153
20,10,16,57,108,196,557,1061,2166,5390
20.1,9,13,42,99,221,549,1108,2199,5167
20.2,11,17,40,107,232,553,1134,2253,5459
20.3,12,19,55,119,222,586,1191,2274,5610
20.4,14,21,60,108,228,613,1187,2381,5738
20.5,9,31,62,107,226,561,1175,2427,5760
20.6,10,31,62,126,236,580,1240,2430,5994
20.7,22,22,59,134,274,582,1259,2459,6018
20.8,7,27,52,132,250,597,1304,2486,6206
20.9,14,21,62,126,257,617,1304,2551,6259
21,14,19,68,129,245,637,1323,2631,6337
21.1,13,17,69,127,264,645,1363,2506,6487
21.2,17,22,51,126,254,695,1380,2697,6464
21.3,11,20,62,127,273,668,1410,2784,6513
21.4,19,23,64,128,294,669,1448,2797,6865
21.5,9,36,87,137,267,692,1417,2824,6944
21.6,13,25,67,125,312,759,1467,2807,7072
21.7,11,26,85,137,290,715,1446,2828,7080
21.8,16,32,65,149,271,682,1466,2893,7132
21.9,12,27,74,142,294,720,1488,2983,7164
22,17,30,82,132,304,717,1452,2920,7311
22.1,17,30,67,160,300,747,1465,2998,7375
22.2,11,29,66,143,279,776,1570,2925,7280
22.3,16,38,89,128,324,751,1540,3028,7442
22.4,10,23,65,158,303,791,1601,3013,7400
22.5,13,29,85,157,283,744,1537,2973,7423
22.6,12,25,67,130,327,757,1581,3049,7584
22.7,9,35,57,150,298,728,1570,3066,7292
22.8,19,29,83,141,287,795,1628,3015,7597
22.9,11,34,73,141,318,792,1634,3167,7607
23,13,33,75,146,326,755,1630,3089,7626
23.1,16,24,80,146,287,807,1585,3161,7835
23.2,17,27,97,138,311,799,1639,3118,7835
23.3,14,48,69,162,323,817,1546,3175,7959
23.4,18,22,81,143,340,783,1702,3144,7839
23.5,16,29,75,153,357,851,1600,3236,8039
23.6,18,28,82,173,323,761,1630,3207,7992
23.7,14,32,78,165,304,834,1724,3255,7972
23.8,16,44,85,166,310,792,1714,3279,7981
23.9,12,37,84,154,331,808,1658,3131,7876
24,10,36,70,148,311,772,1706,3220,8054
24.1,16,35,80,171,323,821,1584,3181,7878
24.2,15,34,82,176,341,831,1579,3266,7965
24.3,23,21,79,153,340,790,1598,3255,7956
24.4,10,26,96,150,286,839,1602,3226,8065
24.5,12,40,59,169,303,831,1736,3192,7984
24.6,14,36,84,142,336,850,1610,3332,7916
24.7,14,33,73,154,314,893,1666,3329,8090
24.8,12,33,77,163,340,822,1682,3385,8233
24.9,15,31,77,193,301,865,1689,3320,8274
25,16,36,94,190,298,838,1738,3358,8233
25.1,19,30,96,155,334,863,1757,3352,8330
25.2,14,32,108,156,329,843,1718,3336,8275
25.3,17,25,87,171,351,835,1677,3387,8057
25.4,13,36,79,169,354,826,1747,3322,8247
25.5,13,23,75,152,320,865,1712,3389,8205
25.6,13,29,81,144,362,814,1771,3392,8132
25.7,21,35,83,152,344,828,1647,3335,8170
25.8,12,43,82,166,338,790,1602,3387,8242
25.9,16,34,72,162,305,845,1682,3318,8154
26,13,31,84,190,328,826,1708,3476,8341
26.1,19,26,77,161,313,852,1665,3355,8286
26.2,8,32,62,152,349,832,1682,3350,8370
26.3,17,36,95,144,343,862,1743,3385,8289
26.4,22,37,79,146,333,825,1736,3463,8211
26.5,14,43,94,170,317,833,1709,3401,8284
26.6,14,31,81,162,317,888,1736,3431,8500
26.7,11,31,99,161,345,866,1762,3447,8508
26.8,20,36,85,178,371,876,1694,3404,8431
26.9,11,36,90,151,358,879,1842,3484,8455
27,18,34,89,146,299,864,1836,3352,8259
27.1,19,29,95,166,372,893,1632,3382,8456
27.2,14,34,70,188,353,905,1753,3423,8399
27.3,15,34,76,164,338,883,1778,3433,8644
27.4,11,37,80,166,348,832,1722,3455,8215
27.5,21,31,89,148,351,842,1753,3531,8300
27.6,11,30,89,167,333,866,1681,3424,8375
27.7,19,31,85,165,324,868,1816,3290,8439
27.8,24,29,89,164,334,852,1676,3465,8559
27.9,24,32,90,176,334,810,1725,3478,8512
28,14,41,83,158,349,863,1802,3381,8474
28.1,18,33,76,153,360,860,1786,3447,8435
28.2,13,39,88,157,340,867,1712,3495,8433
28.3,12,35,98,174,329,838,1803,3424,8641
28.4,29,44,85,160,366,904,1806,3471,8582
28.5,15,34,92,173,331,905,1779,3443,8569
28.6,14,34,103,199,330,894,1870,3425,8575
28.7,16,37,82,192,351,943,1812,3414,8652
28.8,17,28,89,168,335,833,1735,3467,8532
28.9,13,31,95,189,325,889,1840,3442,8589
29,19,41,78,164,361,881,1773,3512,8551
29.1,22,31,75,177,335,854,1748,3551,8470
29.2,17,40,92,159,362,886,1788,3503,8554
29.3,21,33,71,172,376,901,1763,3479,8417
29.4,15,31,67,193,332,875,1793,3501,8362
29.5,17,32,84,167,331,842,1737,3423,8534
29.6,17,35,81,156,355,815,1706,3472,8498
29.7,16,35,91,173,347,875,1667,3535,8442
29.8,21,34,75,187,360,895,1745,3487,8389
29.9,20,37,73,154,334,891,1739,3519,8492
30,20,26,81,166,351,834,1749,3405,8576
30.1,16,22,70,186,300,879,1748,3511,8381
30.2,10,38,93,179,354,879,1703,3503,8676
30.3,13,47,74,148,374,881,1882,3519,8832
30.4,15,34,87,164,356,886,1788,3492,8518
30.5,23,34,82,163,320,908,1754,3539,8651
30.6,14,21,95,145,349,900,1799,3506,8606
30.7,14,41,86,188,363,880,1766,3467,8679
30.8,15,30,82,151,358,911,1741,3488,8549
30.9,19,41,77,147,366,880,1800,3391,8586
31,22,31,92,161,388,801,1793,3537,8484
31.1,16,33,87,178,320,875,1701,3455,8579
31.2,16,39,74,171,350,850,1740,3507,8363
31.3,15,39,73,159,343,875,1693,3524,8478
31.4,14,34,88,167,336,857,1679,3591,8455
31.5,10,26,93,177,304,906,1750,3453,8572
31.6,15,39,93,169,368,883,1789,3520,8451
31.7,18,42,75,165,335,832,1770,3474,8603
31.8,19,36,82,159,326,903,1710,3448,8672
31.9,21,41,81,158,324,879,1804,3538,8433
32,16,27,94,179,324,854,1727,3622,8672
32.1,16,37,105,178,347,895,1758,3528,8367
32.2,19,26,81,157,336,898,1793,3610,8748
32.3,16,39,86,157,357,911,1771,3505,8708
32.4,11,38,92,145,353,927,1848,3527,8652
32.5,19,28,91,182,328,834,1840,3562,8761
32.6,20,29,88,174,335,841,1789,3577,8584
32.7,23,32,89,177,338,848,1737,3614,8400
32.8,17,30,88,152,358,900,1789,3473,8676
32.9,19,39,83,183,333,869,1767,3464,8476
33,15,46,87,176,352,833,1865,3375,8577
33.1,19,35,94,156,349,906,1863,3465,8686
33.2,23,44,92,163,364,894,1740,3533,8429
33.3,16,36,84,172,341,869,1814,3573,8634
33.4,14,42,101,170,361,898,1811,3442,8480
33.5,16,31,83,170,365,874,1827,3506,8711
33.6,12,36,87,150,335,853,1813,3497,8685
33.7,17,38,85,171,335,896,1776,3481,8462
33.8,15,31,73,178,336,910,1790,3666,8655
33.9,21,32,85,164,327,866,1760,3546,8600
34,24,38,78,169,325,910,1831,3647,8535
34.1,15,41,75,159,299,834,1806,3602,8393
34.2,13,28,67,157,318,893,1711,3496,8664
34.3,12,36,77,177,318,848,1842,3688,8475
34.4,21,39,74,168,351,872,1786,3546,8593
34.5,18,29,61,164,334,885,1775,3483,8476
34.6,15,41,85,178,306,858,1772,3376,8351
34.7,19,40,95,175,363,822,1795,3522,8448
34.8,14,39,82,144,278,863,1708,3603,8461
34.9,17,29,84,160,337,866,1738,3430,8660
35,10,29,76,169,313,918,1773,3489,8541
35.1,20,30,90,151,344,860,1766,3554,8529
35.2,15,28,83,178,347,846,1754,3565,8615
35.3,17,45,75,177,334,906,1806,3496,8761
35.4,20,34,83,174,365,888,1773,3473,8588
35.5,10,22,91,184,365,871,1788,3579,8499
35.6,26,29,77,189,368,930,1765,3465,8697
35.7,19,25,87,148,364,901,1675,3475,8398
35.8,19,42,88,167,382,874,1839,3595,8663
35.9,10,22,77,179,344,888,1613,3502,8608
36,14,23,72,156,327,895,1726,3515,8658
36.1,13,29,75,174,337,928,1740,3470,8433
36.2,13,36,70,166,324,851,1745,3471,8465
36.3,15,32,76,151,319,878,1771,3470,8549
36.4,22,42,96,166,340,871,1734,3544,8596
36.5,12,40,95,147,333,826,1772,3504,8650
36.6,19,27,75,156,346,835,1684,3461,8643
36.7,20,28,83,167,320,885,1803,3419,8497
36.8,13,36,93,179,317,855,1726,3404,8386
36.9,11,30,83,157,360,884,1756,3471,8454
37,20,33,79,151,333,886,1740,3509,8472
37.1,18,36,101,183,348,917,1855,3551,8576
37.2,9,32,80,142,356,927,1749,3613,8488
37.3,10,40,86,164,328,927,1792,3477,8587
37.4,9,38,90,167,358,889,1727,3480,8575
37.5,11,41,91,149,366,849,1789,3535,8596
37.6,18,29,75,157,332,875,1667,3554,8533
37.7,21,31,83,161,342,880,1755,3485,8538
37.8,17,29,86,169,317,892,1766,3506,8310
37.9,12,37,97,168,357,843,1819,3400,8305
38,14,32,73,149,328,879,1767,3317,8468
38.1,20,35,99,179,350,853,1713,3486,8476
38.2,10,34,81,154,334,827,1716,3474,8365
38.3,13,38,65,153,348,841,1769,3476,8465
38.4,12,23,84,179,341,869,1769,3381,8584
38.5,11,31,78,153,322,854,1787,3460,8412
38.6,11,33,88,128,371,879,1779,3584,8493
38.7,20,36,71,154,331,853,1786,3512,8566
38.8,24,38,85,164,314,937,1727,3618,8533
38.9,21,21,78,173,353,861,1810,3508,8635
39,10,32,75,184,340,854,1825,3569,8472
39.1,13,35,87,172,348,864,1734,3540,8662
39.2,17,38,79,180,347,916,1755,3493,8643
39.3,18,28,73,178,332,849,1730,3537,8613
39.4,10,30,86,173,379,877,1740,3577,8462
39.5,8,38,80,158,314,823,1768,3437,8545
39.6,20,37,93,188,348,900,1710,3375,8323
39.7,23,38,88,164,329,883,1714,3458,8519
39.8,15,32,74,159,345,861,1672,3545,8387
39.9,23,27,72,160,318,871,1729,3329,8507
40,21,26,98,179,354,847,1678,3425,8323
40.1,17,18,84,168,343,866,1744,3435,8355
40.2,16,30,80,147,335,875,1734,3481,8532
40.3,18,42,86,171,350,894,1727,3347,8355
40.4,11,31,79,152,325,882,1691,3465,8368
40.5,22,30,95,158,355,878,1787,3395,8400
40.6,17,45,72,169,361,878,1723,3397,8568
40.7,22,32,92,151,384,908,1795,3371,8486
40.8,10,32,94,177,316,896,1719,3288,8662
40.9,17,40,89,170,340,908,1744,3365,8530
41,9,35,81,187,325,846,1750,3437,8519
41.1,19,33,80,160,312,882,1715,3493,8621
41.2,13,27,85,185,330,846,1715,3393,8359
41.3,18,24,74,167,352,902,1678,3563,8424
41.4,14,48,79,169,338,838,1709,3469,8524
41.5,16,38,83,168,321,869,1742,3282,8365
41.6,14,35,87,164,335,902,1758,3309,8428
41.7,26,36,94,156,343,922,1762,3518,8484
41.8,18,23,82,159,323,879,1710,3430,8636
41.9,16,43,72,170,349,882,1766,3444,8432
42,14,34,91,162,349,834,1765,3341,8471
42.1,14,33,81,141,345,936,1754,3474,8349
42.2,25,31,104,177,323,892,1737,3389,8559
42.3,13,28,78,166,289,898,1707,3506,8418
42.4,15,28,92,184,329,867,1764,3396,8619
42.5,18,25,81,151,344,845,1769,3567,8564
42.6,16,44,78,150,348,865,1806,3550,8604
42.7,17,36,84,175,310,859,1808,3521,8491
42.8,18,38,69,164,300,923,1747,3533,8467
42.9,12,40,86,182,334,901,1745,3485,8507
43,12,32,90,157,336,857,1727,3432,8537
43.1,15,43,115,159,348,858,1697,3533,8370
43.2,21,38,90,145,380,815,1746,3469,8583
43.3,14,29,78,169,341,858,1744,3333,8514
43.4,14,41,73,169,334,815,1719,3419,8447
43.5,21,36,92,161,352,900,1776,3490,8533
43.6,17,25,89,162,346,876,1741,3484,8657
43.7,8,30,72,185,325,881,1659,3368,8289
43.8,16,26,83,158,348,873,1675,3505,8433
43.9,15,29,87,162,318,907,1726,3496,8480
44,17,35,90,156,362,861,1666,3483,8660
44.1,13,39,82,183,314,945,1671,3523,8604
44.2,27,37,66,149,340,850,1760,3533,8411
44.3,13,28,76,173,324,894,1774,3520,8502
44.4,15,41,79,168,340,866,1776,3557,8579
44.5,18,37,90,162,329,782,1790,3554,8523
44.6,8,38,85,168,335,844,1768,3494,8553
44.7,17,41,94,176,331,883,1739,3539,8576
44.8,18,37,102,143,333,872,1702,3529,8556
44.9,12,40,97,154,348,850,1763,3473,8365
45,10,28,74,161,335,811,1802,3260,8300
45.1,21,27,84,180,320,871,1765,3401,8522
45.2,16,26,79,170,354,849,1774,3369,8397
45.3,19,27,66,159,351,869,1793,3491,8438
45.4,9,21,73,151,360,894,1702,3365,8355
45.5,14,32,103,163,337,852,1719,3525,8467
45.6,13,24,92,177,338,886,1803,3463,8555
45.7,10,28,76,178,332,863,1694,3494,8576
45.8,18,30,98,146,330,891,1754,3430,8619
45.9,18,38,91,176,317,879,1747,3527,8371
46,18,28,92,165,378,824,1704,3453,8625
46.1,20,42,87,149,369,909,1746,3370,8520
46.2,19,39,97,154,355,821,1706,3520,8390
46.3,14,41,80,158,333,831,1750,3432,8291
46.4,19,44,64,186,319,876,1708,3498,8529
46.5,14,26,84,186,331,826,1760,3358,8463
46.6,15,35,75,160,313,888,1673,3401,8451
46.7,24,26,80,166,342,827,1775,3501,8368
46.8,18,32,84,127,352,865,1859,3409,8511
46.9,19,30,89,185,332,873,1690,3459,8411
47,22,27,99,174,340,876,1704,3374,8388
47.1,18,31,83,142,328,896,1688,3499,8464
47.2,10,29,74,161,361,895,1708,3451,8395
47.3,10,31,96,158,359,877,1746,3390,8372
47.4,18,31,87,185,328,920,1704,3360,8531
47.5,19,28,94,145,325,857,1760,3551,8259
47.6,20,30,73,179,382,841,1748,3333,8506
47.7,15,25,88,162,370,790,1766,3496,8487
47.8,22,39,69,158,326,861,1773,3501,8560
47.9,14,25,86,161,325,979,1724,3429,8465
48,18,37,86,179,343,851,1735,3568,8378
48.1,12,35,87,148,342,852,1755,3447,8444
48.2,23,32,80,187,320,926,1692,3444,8376
48.3,14,25,90,170,319,851,1665,3426,8491
48.4,16,35,67,174,323,913,1746,3492,8371
48.5,18,18,76,149,356,839,1711,3417,8474
48.6,16,27,58,170,333,885,1680,3459,8467
48.7,16,30,86,167,313,862,1657,3380,8249
48.8,26,36,89,158,369,902,1660,3445,8415
48.9,17,36,92,140,339,875,1755,3314,8195
49,14,40,90,154,333,866,1690,3456,8499
49.1,14,30,78,159,324,844,1761,3456,8395
49.2,23,29,73,140,337,953,1769,3439,8412
49.3,16,31,83,166,307,792,1770,3456,8433
49.4,19,36,73,159,349,842,1829,3391,8486
49.5,18,38,88,169,377,850,1755,3540,8497
49.6,22,26,90,180,353,907,1725,3400,8458
49.7,18,42,80,161,351,890,1741,3383,8413
49.8,21,34,83,143,334,873,1702,3332,8475
49.9,12,37,82,151,327,818,1792,3454,8398
50,15,26,75,149,320,837,1676,3404,8322
50.1,19,43,91,172,357,835,1756,3287,8468
50.2,15,27,74,155,385,890,1690,3351,8294
50.3,23,29,66,161,333,857,1669,3376,8307
50.4,19,26,78,154,362,876,1706,3529,8252
50.5,7,27,93,182,324,854,1714,3377,8330
50.6,15,29,79,166,316,824,1781,3363,8526
50.7,22,31,81,161,335,892,1779,3521,8355
50.8,23,33,67,145,377,799,1633,3420,8303
50.9,18,40,88,157,355,863,1723,3437,8531
51,17,31,77,174,358,828,1744,3400,8605
51.1,12,40,71,149,351,859,1756,3378,8418
51.2,19,30,92,152,375,877,1815,3412,8481
51.3,15,24,93,164,356,869,1751,3447,8584
51.4,15,33,72,154,319,928,1760,3413,8431
51.5,19,36,66,143,322,862,1738,3436,8373
51.6,20,38,75,154,298,873,1716,3461,8469
51.7,21,34,86,160,318,856,1773,3410,8379
51.8,19,39,85,156,353,820,1736,3396,8403
51.9,22,31,77,158,303,881,1711,3311,8476
52,26,29,98,155,324,904,1739,3445,8478
52.1,15,31,85,168,328,849,1768,3406,8516
52.2,9,32,77,166,327,821,1675,3440,8379
52.3,11,38,82,158,323,800,1785,3473,8307
52.4,16,30,72,151,325,901,1757,3493,8379
52.5,13,35,74,163,305,857,1726,3443,8393
52.6,11,31,76,144,330,884,1734,3441,8351
52.7,9,32,76,192,346,870,1681,3349,8345
52.8,15,32,81,182,295,822,1695,3399,8324
52.9,16,35,75,155,341,847,1681,3389,8564
53,12,33,85,152,308,833,1654,3435,8429
53.1,6,47,70,158,339,900,1712,3372,8448
53.2,16,28,64,174,329,902,1695,3500,8457
53.3,19,32,90,159,354,840,1770,3432,8410
53.4,19,34,79,150,354,837,1840,3468,8633
53.5,16,28,95,162,357,858,1812,3362,8300
53.6,18,42,85,164,321,865,1759,3310,8339
53.7,10,30,84,142,338,864,1704,3386,8399
53.8,15,49,98,147,306,803,1703,3355,8211
53.9,23,32,75,151,321,907,1750,3380,8291
54,19,24,81,171,333,843,1699,3314,8442
54.1,18,34,83,159,329,864,1745,3497,8346
54.2,22,36,94,168,351,904,1691,3476,8205
54.3,17,36,92,171,333,855,1643,3497,8407
54.4,19,29,62,161,360,879,1670,3370,8316
54.5,18,43,81,170,340,891,1690,3418,8315
54.6,15,32,81,146,393,822,1686,3452,8266
54.7,12,32,79,162,355,870,1725,3394,8527
54.8,21,35,79,168,296,889,1638,3351,8350
54.9,16,31,83,178,326,814,1717,3404,8414
55,22,24,81,160,339,908,1633,3473,8406
55.1,12,29,91,141,331,857,1620,3453,8510
55.2,7,35,74,149,363,833,1762,3303,8283
55.3,14,34,92,165,315,888,1641,3390,8340
55.4,13,30,71,155,321,840,1739,3318,8190
55.5,19,29,78,172,337,836,1738,3341,8392
55.6,15,32,92,171,348,821,1684,3309,8310
55.7,20,31,87,150,329,816,1664,3367,8228
55.8,15,36,71,151,323,846,1753,3238,8220
55.9,11,34,77,139,312,853,1594,3281,8205
56,16,27,80,167,308,838,1632,3347,8199
56.1,13,36,90,181,349,823,1753,3463,8250
56.2,15,35,76,166,330,813,1728,3417,8277
56.3,17,26,76,185,342,851,1766,3276,8392
56.4,19,44,69,166,304,825,1739,3315,8122
56.5,15,25,81,160,373,847,1638,3330,8292
56.6,20,33,92,153,360,906,1750,3427,8297
56.7,14,32,85,163,331,832,1721,3438,8300
56.8,18,38,85,155,324,881,1687,3388,8227
56.9,11,32,98,182,298,876,1717,3306,8269
57,19,34,92,155,331,923,1723,3418,8199
57.1,13,36,102,175,340,832,1741,3306,8241
57.2,17,34,91,150,351,882,1722,3401,8050
57.3,10,27,100,156,316,814,1773,3415,8336
57.4,20,40,82,146,327,781,1716,3488,8245
57.5,16,23,85,130,299,849,1712,3459,8275
57.6,17,42,87,145,306,859,1751,3387,8195
57.7,19,40,93,159,338,861,1781,3344,8267
57.8,14,31,75,151,335,820,1699,3471,8279
57.9,22,34,89,175,316,857,1696,3251,8360
58,17,30,82,181,325,835,1678,3426,8430
58.1,14,33,82,145,356,847,1759,3460,8240
58.2,14,29,85,143,333,825,1749,3535,8466
58.3,13,41,93,155,337,830,1765,3351,8242
58.4,12,32,81,172,343,847,1741,3349,8379
58.5,15,34,108,150,300,908,1784,3437,8423
58.6,14,20,80,159,308,803,1668,3550,8147
58.7,19,19,90,161,324,877,1721,3427,8254
58.8,12,36,85,172,320,842,1746,3375,8490
58.9,14,42,92,156,366,890,1649,3458,8291
59,13,26,75,178,320,934,1752,3422,8259
59.1,13,34,102,144,309,859,1680,3442,8397
59.2,20,36,84,175,350,804,1694,3536,8195
59.3,25,26,79,167,343,864,1762,3470,8334
59.4,18,36,87,169,318,905,1698,3403,8284
59.5,15,40,98,187,340,890,1762,3403,8336
59.6,13,31,79,155,336,859,1782,3499,8475
59.7,12,31,86,138,338,840,1656,3392,8452
59.8,21,36,73,163,320,866,1711,3321,8265
59.9,17,23,85,183,338,889,1727,3435,8393
60,14,27,82,161,342,834,1716,3314,8465
60.1,10,34,80,146,328,862,1703,3456,8350
60.2,17,25,73,146,339,881,1736,3396,8386
60.3,16,31,80,155,342,791,1797,3362,8319
60.4,11,40,83,188,346,854,1822,3450,8361
60.5,24,29,87,173,340,853,1754,3444,8339
60.6,20,30,97,152,360,868,1684,3445,8358
60.7,21,26,90,173,328,834,1731,3413,8366
60.8,21,30,103,174,334,830,1772,3306,8527
60.9,14,40,91,182,324,859,1618,3476,8405
61,16,44,79,155,316,828,1738,3367,8437
61.1,14,32,95,161,341,872,1711,3344,8293
61.2,24,30,94,152,344,857,1709,3473,8357
61.3,18,32,85,166,337,802,1691,3435,8461
61.4,12,33,76,151,330,828,1755,3453,8350
61.5,14,29,76,183,281,898,1746,3351,8515
61.6,27,34,82,137,323,902,1674,3470,8308
61.7,19,27,88,153,353,835,1745,3454,8394
61.8,16,27,80,154,313,868,1704,3361,8423
61.9,16,37,78,155,321,810,1692,3396,8452
62,15,30,83,178,340,902,1739,3423,8506
62.1,23,43,99,156,325,854,1772,3483,8378
62.2,9,27,89,167,341,854,1682,3487,8343
62.3,11,29,86,162,356,908,1711,3375,8465
62.4,22,48,101,163,339,812,1779,3422,8110
62.5,17,36,90,161,355,775,1730,3313,8346
62.6,13,27,92,176,293,800,1786,3427,8481
62.7,16,33,75,178,323,836,1635,3392,8131
62.8,15,34,102,173,336,817,1715,3442,8358
62.9,18,39,89,174,351,863,1764,3432,8285
63,14,30,92,134,289,844,1774,3414,8454
63.1,15,34,68,163,313,866,1713,3398,8563
63.2,21,30,76,181,377,880,1748,3546,8405
63.3,15,38,77,172,345,905,1724,3333,8486
63.4,16,27,79,172,314,841,1718,3444,8543
63.5,15,36,81,143,337,836,1713,3402,8501
63.6,18,31,79,162,336,850,1743,3434,8383
63.7,21,32,91,144,336,840,1776,3457,8611
63.8,19,45,96,170,300,827,1740,3508,8442
63.9,14,38,77,165,312,839,1681,3374,8264
64,20,15,76,151,313,897,1836,3450,8419
64.1,17,29,83,160,323,826,1764,3581,8459
64.2,15,41,80,153,348,872,1707,3514,8363
64.3,15,37,77,158,365,865,1678,3433,8559
64.4,15,41,67,157,341,882,1837,3391,8605
64.5,21,43,67,167,306,883,1689,3349,8393
64.6,17,40,94,162,324,859,1731,3435,8463
64.7,19,40,98,172,332,979,1781,3415,8385
64.8,23,23,86,169,334,834,1814,3384,8492
64.9,19,30,85,159,328,887,1681,3405,8430
65,15,28,95,176,367,876,1708,3437,8562
65.1,18,35,88,165,336,869,1680,3469,8590
65.2,15,33,66,169,355,899,1755,3545,8543
65.3,19,36,70,176,329,903,1763,3412,8574
65.4,18,26,106,154,365,873,1762,3497,8554
65.5,14,25,89,165,357,904,1867,3493,8486
65.6,13,35,68,154,343,822,1723,3401,8484
65.7,19,39,79,155,321,839,1746,3382,8604
65.8,12,29,76,163,328,911,1763,3458,8513
65.9,10,44,77,167,320,853,1733,3399,8579
66,18,26,94,173,343,889,1730,3335,8432
66.1,18,33,77,167,342,811,1690,3392,8276
66.2,16,34,63,154,306,875,1729,3414,8372
66.3,11,31,85,189,364,852,1725,3372,8586
66.4,15,41,88,162,325,848,1716,3401,8400
66.5,19,29,89,162,312,875,1752,3436,8534
66.6,14,37,70,157,364,867,1688,3435,8439
66.7,9,32,76,154,321,869,1691,3490,8404
66.8,13,34,97,149,336,851,1777,3345,8256
66.9,11,28,101,166,354,909,1779,3464,8300
67,12,28,96,167,333,884,1665,3492,8491
67.1,14,22,109,162,347,851,1739,3380,8375
67.2,18,39,75,179,316,846,1776,3360,8522
67.3,14,32,89,163,342,847,1689,3441,8354
67.4,13,37,77,163,295,879,1722,3450,8593
67.5,13,30,79,134,337,829,1802,3458,8403
67.6,14,43,82,162,307,905,1727,3404,8399
67.7,12,30,83,180,326,833,1739,3421,8355
67.8,12,34,74,156,317,835,1718,3460,8376
67.9,17,28,84,188,325,855,1655,3458,8477
68,23,33,93,159,349,895,1677,3481,8373
68.1,20,32,96,157,321,833,1762,3402,8450
68.2,16,33,76,173,301,846,1710,3371,8320
68.3,20,36,73,190,360,853,1675,3440,8478
68.4,15,24,74,180,329,862,1785,3421,8382
68.5,18,25,85,144,336,889,1689,3369,8348
68.6,12,43,79,150,330,870,1736,3454,8422
68.7,17,32,94,172,344,859,1756,3434,8294
68.8,21,37,70,135,295,877,1747,3369,8533
68.9,19,30,76,162,326,870,1695,3421,8496
69,13,35,83,164,359,826,1713,3309,8314
69.1,11,43,89,158,353,882,1615,3619,8309
69.2,19,34,84,150,329,850,1696,3405,8378
69.3,11,35,85,181,339,807,1687,3493,8356
69.4,20,34,68,179,346,864,1754,3411,8383
69.5,11,35,97,176,329,876,1730,3498,8294
69.6,14,43,74,147,310,847,1710,3322,8089
69.7,18,32,90,159,323,890,1728,3402,8141
69.8,15,31,65,166,333,837,1598,3283,8417
69.9,15,24,76,179,348,839,1712,3372,8307
70,17,28,71,148,319,813,1700,3405,8419
70.1,18,29,80,142,347,883,1616,3403,8355
70.2,20,30,105,160,324,958,1629,3454,8510
70.3,18,37,69,171,301,855,1690,3414,8307
70.4,15,27,85,166,321,866,1752,3333,8310
70.5,16,46,81,169,350,857,1770,3368,8236
70.6,13,32,88,147,364,886,1701,3318,8287
70.7,16,37,84,151,317,838,1722,3346,8274
70.8,8,23,91,176,293,874,1728,3437,8134
70.9,11,35,76,167,306,858,1743,3307,8115
71,16,27,95,184,325,814,1657,3379,8311
71.1,19,40,74,174,341,845,1748,3231,8261
71.2,13,32,79,160,353,846,1757,3435,8237
71.3,16,28,85,180,345,838,1631,3338,8061
71.4,16,27,87,171,334,845,1653,3359,8319
71.5,15,37,91,153,309,829,1705,3373,8139
71.6,14,32,81,135,332,799,1625,3441,8311
71.7,10,27,88,151,356,834,1734,3463,8149
71.8,22,37,95,148,325,853,1697,3253,8103
71.9,21,38,95,154,343,809,1768,3366,8186
72,20,35,78,180,307,842,1685,3362,8038
72.1,13,29,77,167,330,814,1723,3419,8239
72.2,16,33,77,163,355,864,1688,3349,8200
72.3,17,31,82,162,381,891,1675,3333,8139
72.4,16,32,77,175,291,847,1741,3363,8333
72.5,20,31,93,167,319,821,1753,3308,8147
72.6,11,37,89,145,307,808,1675,3334,8142
72.7,25,33,72,138,296,832,1644,3251,8189
72.8,14,37,84,169,321,875,1652,3357,8111
72.9,17,35,63,189,320,838,1680,3367,8127
73,11,30,77,147,312,853,1675,3370,8156
73.1,14,38,82,162,333,839,1633,3354,8130
73.2,14,33,95,147,328,828,1703,3353,7966
73.3,19,29,102,164,296,828,1652,3324,8240
73.4,13,29,67,198,322,839,1694,3288,8012
73.5,17,30,77,160,325,817,1717,3314,8076
73.6,10,26,69,177,312,860,1751,3323,8261
73.7,15,30,70,160,302,830,1789,3324,8144
73.8,11,35,85,168,316,880,1663,3347,8192
73.9,11,35,78,167,336,841,1726,3272,8169
74,12,47,78,162,343,904,1716,3346,8253
74.1,13,39,77,143,310,832,1704,3271,8315
74.2,19,28,85,159,311,818,1711,3397,8260
74.3,18,27,98,165,304,854,1618,3468,8232
74.4,23,32,78,166,327,816,1746,3448,8157
74.5,23,35,88,151,328,886,1712,3374,8187
74.6,14,19,82,152,332,838,1665,3366,8196
74.7,16,27,80,150,339,869,1656,3432,8170
74.8,13,31,91,150,345,854,1690,3243,8342
74.9,9,24,90,139,333,835,1611,3357,8244
75,18,32,84,165,343,801,1666,3322,8176
75.1,15,31,68,162,339,812,1745,3323,8204
75.2,12,40,70,167,350,849,1763,3297,8245
75.3,19,35,89,166,312,875,1702,3372,8250
75.4,15,23,64,146,316,896,1638,3463,8240
75.5,15,32,82,166,344,866,1668,3412,8418
75.6,19,24,80,156,330,860,1647,3326,8404
75.7,21,37,81,179,346,824,1754,3365,8215
75.8,18,39,82,154,303,868,1682,3291,8469
75.9,17,35,88,156,326,817,1681,3334,8277
76,28,29,77,153,295,857,1668,3360,8349
76.1,15,41,79,157,353,819,1720,3393,8183
76.2,16,25,91,166,311,843,1715,3408,8253
76.3,15,37,84,147,340,810,1691,3442,8259
76.4,15,36,83,145,308,839,1654,3361,8230
76.5,20,39,74,166,308,834,1722,3403,8175
76.6,23,38,97,161,310,790,1697,3415,8190
76.7,13,42,96,164,301,810,1697,3335,8359
76.8,17,27,76,143,335,864,1764,3375,8114
76.9,14,24,83,166,328,847,1714,3455,8349
77,13,33,90,162,321,877,1627,3277,8252
77.1,18,30,83,176,332,804,1710,3425,8399
77.2,13,40,73,172,326,852,1651,3315,8420
77.3,14,28,79,164,330,798,1665,3453,8238
77.4,16,43,71,155,335,898,1743,3366,8163
77.5,22,34,91,156,339,877,1717,3463,8195
77.6,22,33,78,186,328,884,1784,3379,8199
77.7,26,33,76,162,333,871,1745,3360,8351
77.8,14,40,78,185,328,863,1705,3375,8228
77.9,21,31,85,172,328,823,1660,3398,8172
78,17,23,62,158,314,865,1661,3404,8397
78.1,17,30,84,149,311,826,1688,3306,8361
78.2,15,36,61,162,315,862,1771,3399,8308
78.3,12,30,93,157,351,837,1748,3370,8277
78.4,16,37,79,161,341,852,1772,3362,8362
78.5,20,32,102,170,349,838,1632,3397,8222
78.6,11,36,81,170,326,815,1714,3342,8359
78.7,12,27,81,158,341,825,1759,3433,8347
78.8,15,27,67,159,335,830,1707,3400,8422
78.9,14,31,91,176,315,871,1704,3390,8372
79,17,25,80,142,337,782,1626,3404,8322
79.1,19,34,107,176,336,806,1745,3351,8353
79.2,19,33,83,179,317,808,1712,3313,8314
79.3,18,27,87,157,310,846,1668,3315,8485
79.4,21,39,71,174,335,827,1676,3325,8301
79.5,20,30,91,146,348,848,1703,3476,8401
79.6,17,28,87,157,321,871,1684,3235,8229
79.7,12,35,83,166,348,831,1711,3411,8255
79.8,11,35,76,162,320,854,1740,3392,8331
79.9,13,34,75,169,338,831,1735,3357,8371
80,21,36,75,182,340,808,1764,3438,8185
80.1,13,23,70,149,346,820,1664,3481,8303
80.2,17,33,75,159,318,849,1717,3432,8316
80.3,19,29,93,183,332,846,1684,3298,8242
80.4,20,29,79,154,343,848,1749,3419,8373
80.5,15,36,77,151,321,861,1713,3334,8297
80.6,15,41,78,153,334,875,1647,3247,8464
80.7,18,37,84,162,319,838,1638,3216,8298
80.8,17,40,63,188,321,869,1780,3375,8505
80.9,17,35,79,149,351,832,1785,3452,8240
81,16,29,83,176,327,862,1745,3545,8417
81.1,14,35,83,146,366,860,1771,3460,8388
81.2,9,30,84,190,364,863,1696,3511,8396
81.3,18,31,96,150,328,860,1763,3361,8409
81.4,23,32,78,160,355,844,1743,3347,8315
81.5,16,18,85,164,348,864,1728,3464,8281
81.6,17,34,74,162,299,797,1683,3405,8281
81.7,19,33,85,175,326,842,1697,3311,8202
81.8,17,24,79,162,324,872,1708,3373,8290
81.9,17,33,82,171,320,847,1737,3470,8193
82,15,32,74,190,346,820,1733,3446,8517
82.1,13,31,87,150,349,821,1683,3331,8362
82.2,17,30,83,169,344,863,1696,3357,8365
82.3,15,32,91,161,351,839,1678,3418,8285
82.4,11,35,79,154,325,858,1716,3429,8422
82.5,18,30,86,172,332,835,1721,3389,8292
82.6,12,36,88,160,361,860,1725,3514,8267
82.7,15,38,76,189,364,893,1674,3431,8411
82.8,16,22,76,161,346,841,1737,3383,8458
82.9,16,28,84,166,304,870,1702,3462,8384
83,12,33,73,178,318,821,1707,3471,8404
83.1,13,38,91,179,322,879,1715,3449,8246
83.2,16,35,85,154,327,829,1744,3301,8201
83.3,10,31,77,155,338,854,1719,3418,8311
83.4,18,31,93,168,308,830,1665,3453,8313
83.5,10,29,76,138,338,848,1720,3424,8290
83.6,18,32,71,176,361,825,1739,3340,8211
83.7,10,37,83,168,328,882,1707,3383,8332
83.8,20,42,66,182,355,805,1712,3308,8463
83.9,13,33,68,168,354,842,1668,3343,8336
84,20,46,95,145,330,842,1681,3395,8048
84.1,16,36,93,149,342,841,1730,3356,8255
84.2,19,28,86,155,335,853,1716,3292,8399
84.3,18,28,80,178,321,803,1622,3308,8389
84.4,17,37,73,136,344,826,1717,3307,8133
84.5,19,34,68,153,320,827,1672,3431,8279
84.6,12,50,84,141,340,879,1752,3338,8278
84.7,22,33,85,153,342,816,1694,3545,8255
84.8,9,33,76,164,355,866,1699,3323,8367
84.9,11,32,69,156,296,805,1690,3301,8293
85,14,42,82,159,341,840,1615,3418,8208
85.1,11,38,70,130,318,865,1695,3437,8320
85.2,12,41,78,161,327,841,1674,3470,8213
85.3,15,36,71,164,334,828,1719,3359,8142
85.4,15,20,94,168,314,831,1757,3328,8369
85.5,14,41,80,181,320,853,1685,3334,8282
85.6,27,25,81,154,301,839,1736,3274,8445
85.7,17,45,63,144,297,850,1722,3437,8396
85.8,21,20,71,160,316,820,1652,3420,8269
85.9,10,31,80,166,318,818,1646,3456,8227
86,23,33,74,181,352,817,1688,3309,8262
86.1,15,35,82,157,318,856,1691,3332,8342
86.2,15,34,85,143,341,808,1760,3423,8196
86.3,10,35,74,160,321,833,1665,3490,8281
86.4,18,32,65,142,359,824,1690,3348,8361
86.5,11,53,103,162,323,838,1654,3432,8352
86.6,18,34,74,141,316,800,1660,3479,8147
86.7,18,35,64,135,361,853,1701,3285,8342
86.8,17,37,76,149,325,845,1712,3407,8230
86.9,12,24,68,150,297,822,1719,3391,8318
87,20,28,78,150,315,783,1743,3259,8088
87.1,21,38,77,161,345,862,1676,3396,8104
87.2,19,29,72,152,323,839,1629,3358,8191
87.3,14,28,83,168,318,837,1680,3434,8224
87.4,17,28,70,161,329,825,1782,3417,8319
87.5,14,33,70,173,333,849,1714,3362,8380
87.6,9,28,78,174,316,879,1713,3324,8258
87.7,15,31,70,160,351,820,1709,3349,8242
87.8,14,26,74,154,323,802,1659,3320,8284
87.9,12,37,91,156,331,856,1722,3305,8193
88,20,37,71,159,332,844,1739,3393,8122
88.1,15,35,93,146,328,850,1747,3358,8307
88.2,13,28,69,148,311,814,1665,3297,8287
88.3,22,43,98,151,331,871,1727,3411,8179
88.4,17,32,72,147,323,854,1706,3318,8314
88.5,20,36,97,156,325,848,1647,3363,8315
88.6,28,29,82,152,311,864,1718,3368,8309
88.7,11,36,74,152,315,741,1703,3315,8215
88.8,15,41,69,167,342,847,1697,3359,8276
88.9,23,28,84,153,340,830,1719,3363,8207
89,20,41,93,180,350,872,1668,3278,8354
89.1,18,28,78,178,365,883,1722,3351,8304
89.2,13,42,80,169,327,839,1768,3490,8097
89.3,16,27,76,153,334,791,1683,3515,8348
89.4,18,34,76,149,349,825,1682,3485,8119
89.5,19,34,85,178,306,906,1676,3376,8377
89.6,9,33,68,150,349,857,1719,3282,8207
89.7,18,37,83,164,339,880,1685,3395,8052
89.8,17,40,96,160,336,864,1788,3342,8259
89.9,11,30,83,158,348,850,1607,3276,8260
90,17,30,69,162,336,857,1736,3377,8233
90.1,20,39,77,186,347,779,1710,3266,8169
90.2,18,37,79,169,338,840,1689,3323,8253
90.3,13,31,74,145,349,816,1718,3364,8113
90.4,12,25,91,163,331,857,1696,3314,8240
90.5,17,24,91,194,310,870,1734,3417,8315
90.6,10,36,94,153,332,815,1642,3383,8397
90.7,21,32,86,150,310,886,1715,3328,8263
90.8,21,27,75,170,303,860,1632,3397,8220
90.9,16,39,84,160,356,910,1686,3274,8161
91,17,35,85,182,306,803,1683,3379,8265
91.1,9,25,78,172,310,823,1720,3338,8276
91.2,12,28,78,167,333,842,1704,3359,8240
91.3,12,34,83,166,334,839,1690,3342,8071
91.4,17,31,67,155,333,829,1639,3313,8207
91.5,18,34,83,157,295,816,1685,3372,8357
91.6,20,35,92,162,326,871,1673,3401,8219
91.7,12,23,72,160,323,852,1667,3298,8209
91.8,11,33,94,166,302,845,1657,3391,8135
91.9,13,28,73,158,302,803,1734,3340,8227
92,16,34,95,148,318,838,1583,3433,8381
92.1,23,32,87,146,330,874,1684,3310,8125
92.2,25,30,79,160,314,865,1702,3335,8265
92.3,24,25,89,163,325,862,1713,3285,8166
92.4,23,31,62,158,301,811,1673,3380,8025
92.5,18,38,84,160,317,811,1594,3436,8129
92.6,15,28,82,157,315,876,1621,3421,8208
92.7,19,32,87,167,340,826,1653,3300,7950
92.8,14,34,75,169,281,878,1682,3327,8167
92.9,11,32,65,141,336,852,1725,3240,8144
93,11,20,90,140,331,853,1655,3350,8159
93.1,13,34,74,165,315,828,1687,3373,8065
93.2,16,28,83,145,339,826,1709,3319,8096
93.3,15,40,66,170,316,783,1697,3306,8245
93.4,21,38,97,150,325,888,1724,3226,8061
93.5,11,32,78,158,348,876,1659,3348,7998
93.6,18,32,74,140,283,800,1710,3429,8182
93.7,14,33,80,164,311,817,1695,3258,8244
93.8,14,36,72,155,345,863,1710,3241,8286
93.9,17,37,71,170,343,868,1685,3286,8244
94,21,24,79,158,344,783,1716,3298,8142
94.1,14,23,98,152,310,821,1698,3369,8086
94.2,11,37,92,147,325,822,1662,3391,8065
94.3,13,36,75,157,317,830,1594,3337,8182
94.4,20,31,94,150,307,863,1640,3334,8147
94.5,18,32,79,162,309,918,1696,3382,8103
94.6,17,33,74,159,317,880,1656,3393,8140
94.7,21,31,72,162,295,814,1716,3317,8203
94.8,25,40,93,165,330,836,1701,3317,8120
94.9,19,41,90,157,323,819,1703,3326,8108
95,25,34,92,191,299,834,1704,3408,8134
95.1,14,50,74,151,315,820,1779,3260,8132
95.2,11,32,96,168,335,871,1692,3249,8277
95.3,14,22,62,152,336,830,1644,3264,8133
95.4,14,28,66,169,324,868,1650,3334,8135
95.5,14,36,85,160,333,923,1711,3334,8284
95.6,13,27,78,138,308,847,1687,3266,8270
95.7,18,33,82,151,336,844,1698,3261,8182
95.8,15,26,84,158,321,922,1711,3324,8252
95.9,18,35,77,145,292,835,1560,3243,8065
96,22,19,79,173,315,828,1696,3292,8270
96.1,19,39,79,141,298,893,1705,3438,8207
96.2,17,33,87,147,316,854,1621,3341,8220
96.3,11,29,87,166,339,840,1706,3331,8198
96.4,18,39,82,148,362,830,1636,3320,7991
96.5,11,37,83,155,345,868,1643,3365,8152
96.6,15,36,79,159,342,869,1719,3280,8151
96.7,16,31,66,184,332,870,1694,3325,8221
96.8,16,39,75,158,349,835,1651,3323,8135
96.9,16,34,89,157,337,855,1611,3173,8135
97,15,33,70,148,343,793,1596,3283,8232
97.1,21,29,85,165,329,815,1656,3255,8226
97.2,16,37,82,155,324,862,1746,3326,8138
97.3,19,37,81,159,293,798,1682,3376,8130
97.4,17,39,73,154,344,796,1692,3363,8218
97.5,15,40,94,141,301,861,1681,3347,8266
97.6,17,30,68,160,290,860,1641,3344,8201
97.7,17,26,74,179,332,789,1756,3418,8140
97.8,21,24,67,156,323,835,1667,3413,8116
97.9,15,37,70,152,335,792,1666,3269,8239
98,16,34,83,170,311,862,1692,3402,8149
98.1,17,35,88,159,327,778,1744,3251,8226
98.2,13,25,87,148,338,821,1682,3219,8111
98.3,14,35,71,154,324,827,1664,3339,8369
98.4,8,29,88,183,345,849,1693,3290,8116
98.5,20,26,93,150,332,803,1692,3249,8194
98.6,19,34,84,159,307,800,1711,3396,8140
98.7,18,41,93,145,320,856,1678,3363,8083
98.8,10,39,78,154,304,917,1744,3373,8181
98.9,15,25,70,143,315,792,1703,3291,8334
99,20,44,76,159,371,823,1617,3452,8166
99.1,12,30,84,163,297,784,1770,3331,8183
99.2,17,36,63,168,340,831,1711,3267,8013
99.3,17,32,87,184,314,890,1590,3220,8253
99.4,19,35,87,151,336,843,1680,3202,8164
99.5,18,33,79,172,345,818,1714,3368,8216
99.6,15,28,100,166,300,868,1672,3185,8087
99.7,20,28,84,158,311,871,1641,3371,8172
99.8,12,28,75,136,320,824,1675,3289,8030
99.9,13,36,80,164,326,836,1686,3297,8281
100,20,30,83,151,323,792,1714,3364,8181
100.1,12,35,95,157,356,854,1711,3268,8174
100.2,12,23,74,171,298,814,1740,3263,8070
100.3,19,26,70,140,355,876,1689,3409,8110
100.4,19,26,81,174,346,883,1735,3365,8106
100.5,11,36,77,179,342,840,1703,3383,8156
100.6,12,27,79,162,298,882,1706,3237,8030
100.7,13,27,79,146,298,807,1630,3233,8119
100.8,12,44,80,163,330,824,1693,3337,8183
100.9,19,44,82,154,337,864,1603,3275,8012
101,12,22,91,166,322,818,1694,3313,8332
101.1,24,31,83,165,350,832,1711,3276,7960
101.2,13,30,69,156,338,791,1655,3338,8125
101.3,18,26,83,163,331,838,1726,3448,8155
101.4,11,30,78,168,339,798,1723,3263,8057
101.5,9,33,81,144,331,825,1708,3391,8172
101.6,22,35,93,143,341,767,1678,3337,8133
101.7,13,36,83,147,329,797,1624,3330,8105
101.8,15,34,62,140,337,786,1673,3332,8112
101.9,15,43,98,147,320,882,1670,3209,8151
102,14,32,70,153,277,869,1648,3329,8174
102.1,15,36,84,131,345,852,1608,3297,8010
102.2,18,36,74,119,293,826,1634,3234,8246
102.3,20,29,62,160,335,795,1772,3299,8033
102.4,9,31,87,163,336,827,1585,3371,8084
102.5,21,24,78,152,311,843,1695,3319,8212
102.6,13,36,93,149,339,813,1665,3336,8235
102.7,12,33,77,145,320,828,1624,3365,8035
102.8,15,28,61,148,289,834,1678,3332,8131
102.9,20,35,81,143,315,811,1650,3304,8050
103,15,35,89,147,325,807,1668,3308,8250
103.1,17,27,83,150,317,822,1711,3356,8187
103.2,19,31,76,162,316,774,1662,3288,8117
103.3,18,40,72,180,302,799,1653,3287,8110
103.4,12,24,73,168,302,808,1701,3277,8025
103.5,20,28,77,165,346,822,1639,3141,8203
103.6,12,30,87,153,314,828,1698,3398,8297
103.7,16,18,82,175,315,786,1706,3306,8262
103.8,22,32,91,162,275,830,1665,3268,8122
103.9,13,30,81,139,300,802,1636,3300,7942
104,15,30,85,155,348,830,1621,3272,8103
104.1,17,26,84,153,372,814,1659,3310,8145
104.2,18,30,66,169,336,864,1667,3479,7989
104.3,21,31,97,159,297,869,1671,3342,8283
104.4,15,23,74,155,334,863,1670,3404,8220
104.5,14,29,76,188,311,762,1650,3269,8182
104.6,30,30,92,136,336,809,1639,3246,8045
104.7,11,26,74,143,297,776,1654,3238,8139
104.8,17,49,84,139,348,816,1620,3333,8154
104.9,15,38,100,139,376,843,1618,3234,8045
105,20,19,81,140,297,811,1731,3261,8108
105.1,16,34,73,152,272,877,1706,3220,8089
105.2,21,35,98,165,323,821,1627,3376,8073
105.3,20,32,82,183,371,855,1658,3287,8173
105.4,15,26,82,165,287,782,1635,3332,8264
105.5,21,37,84,155,322,805,1663,3200,8069
105.6,23,29,77,148,324,795,1669,3412,7822
105.7,18,43,68,148,337,775,1649,3335,8053
105.8,14,24,70,171,378,848,1680,3240,8143
105.9,14,32,84,179,307,870,1699,3381,8123
106,15,41,80,141,296,869,1715,3390,8060
106.1,16,35,76,176,326,795,1580,3321,8095
106.2,12,36,89,147,332,803,1683,3380,8001
106.3,16,33,74,151,360,860,1665,3356,8127
106.4,12,27,68,148,329,774,1686,3352,8013
106.5,12,30,82,160,333,819,1616,3346,8032
106.6,18,41,69,159,320,855,1662,3327,8086
106.7,16,32,67,148,329,825,1679,3142,8086
106.8,15,34,65,150,330,857,1705,3204,8124
106.9,10,29,88,146,321,862,1661,3239,8080
107,25,36,73,152,300,872,1691,3243,8151
107.1,16,33,62,169,328,808,1670,3382,8092
107.2,15,34,82,153,328,848,1709,3174,8133
107.3,16,39,63,178,336,844,1716,3258,8134
107.4,15,33,71,133,344,848,1672,3331,8111
107.5,14,33,71,136,310,757,1696,3242,8105
107.6,18,32,82,166,330,842,1661,3467,8190
107.7,12,33,76,139,306,879,1725,3391,8304
107.8,18,37,80,151,307,783,1662,3298,8174
107.9,24,33,91,168,334,877,1668,3311,8184
108,19,43,90,166,315,804,1715,3388,8223
108.1,15,30,84,145,290,850,1719,3316,8249
108.2,24,24,75,174,306,820,1677,3348,8067
108.3,13,34,79,152,303,839,1655,3352,8044
108.4,8,32,78,151,325,829,1681,3313,8095
108.5,16,31,81,147,304,831,1637,3309,8102
108.6,15,40,69,145,333,843,1642,3347,8152
108.7,18,42,91,155,326,840,1632,3398,8193
108.8,18,35,109,166,357,848,1642,3309,8147
108.9,18,35,76,132,321,825,1667,3310,8307
109,18,36,78,141,318,840,1611,3315,8077
109.1,15,33,73,133,335,833,1694,3397,8141
109.2,17,33,93,150,319,848,1662,3468,7995
109.3,14,34,72,152,326,855,1661,3262,8151
109.4,15,48,82,145,317,850,1622,3262,8028
109.5,7,38,85,145,331,845,1667,3470,8139
109.6,8,28,79,150,320,875,1724,3288,8216
109.7,16,27,91,144,333,805,1652,3326,7917
109.8,14,35,56,162,346,830,1678,3312,8230
109.9,9,36,85,149,350,890,1719,3333,8284
110,12,37,87,171,344,838,1700,3214,7993
110.1,21,32,73,136,331,834,1733,3345,8212
110.2,22,30,86,168,340,866,1674,3337,8259
110.3,16,31,77,171,302,878,1669,3377,8253
110.4,13,23,84,137,325,791,1698,3286,8191
110.5,25,35,76,153,336,862,1645,3331,8013
110.6,11,35,74,158,346,847,1660,3317,8051
110.7,16,39,64,157,317,877,1641,3239,8101
110.8,9,28,73,152,290,836,1692,3329,8193
110.9,11,33,74,169,283,830,1740,3388,8256
111,14,38,76,158,320,863,1724,3259,8242
111.1,18,41,92,162,300,861,1685,3245,8143
111.2,18,30,90,149,328,832,1614,3239,8282
111.3,21,38,76,162,311,825,1623,3316,8163
111.4,21,38,70,122,313,850,1694,3434,8090
111.5,14,34,70,160,327,875,1726,3342,8199
111.6,24,39,71,162,319,797,1658,3335,8231
111.7,12,25,68,179,322,881,1688,3370,8190
111.8,8,35,87,160,356,851,1655,3287,8058
111.9,7,32,80,168,357,793,1661,3376,8196
112,18,24,93,156,310,835,1688,3432,8260
112.1,16,35,80,163,333,810,1727,3336,8367
112.2,15,40,77,166,305,793,1654,3325,8055
112.3,16,33,85,158,277,820,1708,3262,8230
112.4,14,29,77,162,363,813,1610,3323,8204
112.5,16,27,73,137,327,834,1706,3318,8080
112.6,12,36,83,170,339,847,1704,3414,8250
112.7,16,34,69,182,335,861,1764,3255,8183
112.8,17,21,85,124,328,841,1733,3261,8081
112.9,16,36,88,168,315,798,1737,3381,8260
113,17,25,76,129,306,857,1702,3322,8133
113.1,13,31,73,159,328,772,1691,3359,8119
113.2,20,50,79,129,319,740,1694,3336,8122
113.3,19,35,79,173,294,850,1702,3307,8150
113.4,16,39,75,176,301,805,1743,3360,8092
113.5,17,30,81,141,320,815,1725,3369,8096
113.6,18,29,89,173,308,812,1606,3326,8141
113.7,22,30,80,165,322,829,1639,3277,8340
113.8,12,32,86,148,308,796,1672,3383,8134
113.9,18,29,88,162,333,814,1729,3251,8071
114,13,23,75,154,339,834,1752,3259,8244
114.1,19,28,90,152,309,890,1673,3313,8106
114.2,10,42,81,147,331,804,1672,3323,8158
114.3,7,37,82,178,323,847,1630,3373,8114
114.4,12,30,86,158,313,837,1724,3397,8215
114.5,12,28,91,137,335,833,1695,3300,8181
114.6,19,28,83,179,321,829,1663,3315,8318
114.7,15,36,82,152,311,854,1571,3322,8005
114.8,11,46,80,146,313,798,1651,3278,7960
114.9,19,23,84,168,318,828,1599,3402,8083
115,21,37,68,152,312,926,1653,3241,8093
115.1,18,41,79,164,341,824,1711,3202,8168
115.2,17,31,91,186,362,758,1659,3359,8216
115.3,15,47,82,149,335,802,1671,3330,8111
115.4,15,27,84,158,318,846,1640,3323,8166
115.5,6,29,71,136,330,833,1674,3251,8130
115.6,20,29,89,160,344,854,1698,3320,8170
115.7,12,38,84,136,328,819,1626,3304,8148
115.8,19,34,89,143,361,805,1661,3397,8062
115.9,18,30,82,159,335,859,1674,3273,8167
116,16,29,84,156,328,814,1638,3298,8029
116.1,8,34,81,149,336,851,1670,3286,8159
116.2,14,35,58,157,326,788,1773,3328,7952
116.3,11,34,82,135,338,844,1667,3245,8134
116.4,13,26,83,144,315,864,1656,3252,8056
116.5,17,35,81,159,303,803,1605,3330,8232
116.6,16,40,74,169,304,817,1667,3343,8019
116.7,15,33,85,159,332,777,1691,3304,7944
116.8,16,40,90,193,322,816,1682,3306,8100
116.9,18,30,84,148,301,811,1620,3285,8067
117,7,42,89,166,333,829,1697,3421,8003
117.1,18,28,89,164,319,807,1739,3267,7888
117.2,17,31,81,145,323,843,1649,3191,7853
117.3,17,33,68,151,319,838,1681,3334,7987
117.4,20,33,96,136,319,845,1673,3234,8030
117.5,20,27,83,167,298,844,1594,3316,7943
117.6,15,23,75,164,290,827,1628,3347,8033
117.7,17,32,67,140,344,817,1601,3279,8106
117.8,13,28,72,160,320,822,1706,3220,8197
117.9,16,30,90,157,310,866,1635,3374,8121
118,18,24,82,144,303,817,1685,3266,8103
118.1,15,26,82,152,320,856,1593,3261,8050
118.2,17,21,93,143,327,814,1698,3333,8086
118.3,19,41,74,143,317,796,1700,3294,8135
118.4,11,28,93,138,341,839,1695,3278,8129
118.5,10,31,75,169,338,760,1654,3306,8059
118.6,23,41,84,150,317,840,1673,3296,8046
118.7,9,30,92,174,333,820,1625,3336,8161
118.8,13,29,87,144,322,801,1661,3327,8045
118.9,13,29,70,158,339,804,1654,3264,8256
119,20,33,88,163,326,828,1634,3310,7873
119.1,22,38,69,152,331,764,1647,3270,8222
119.2,18,48,68,165,313,780,1594,3280,7994
119.3,12,27,63,139,384,843,1576,3160,8087
119.4,15,24,85,135,344,800,1591,3122,8160
119.5,23,29,66,153,341,851,1694,3214,7965
119.6,15,47,68,171,305,836,1667,3342,8013
119.7,11,32,69,198,320,859,1656,3158,8077
119.8,13,40,70,143,328,879,1708,3254,8015
119.9,12,35,65,194,312,784,1666,3266,7846
120,18,29,68,138,292,792,1644,3228,7967
120.1,13,24,82,158,319,838,1659,3287,8068
120.2,15,36,89,150,326,804,1690,3320,8102
120.3,19,29,83,128,299,867,1651,3225,8065
120.4,9,36,74,161,333,832,1650,3305,7957
120.5,12,33,75,170,337,805,1645,3325,8071
120.6,10,33,75,157,298,813,1676,3336,7976
120.7,17,42,85,166,344,866,1726,3327,8025
120.8,14,29,67,130,330,837,1685,3301,8040
120.9,18,25,73,154,320,835,1609,3211,8079
121,17,34,71,187,335,798,1665,3209,8155
121.1,14,27,80,163,368,829,1718,3188,8050
121.2,25,29,79,156,309,838,1605,3201,8104
121.3,9,42,77,170,302,805,1658,3301,8049
121.4,16,51,91,153,338,789,1607,3238,7953
121.5,23,36,75,161,326,824,1613,3225,8036
121.6,13,31,89,144,367,830,1639,3257,8110
121.7,14,40,90,159,305,845,1666,3298,7834
121.8,17,36,84,136,337,827,1662,3300,8052
121.9,18,37,90,161,291,822,1585,3228,8057
122,17,41,86,171,311,804,1612,3250,8087
122.1,14,42,76,166,323,891,1598,3244,8048
122.2,20,22,71,174,328,791,1625,3200,7991
122.3,18,31,72,159,334,819,1666,3160,7988
122.4,17,35,89,176,338,810,1620,3215,7892
122.5,17,42,71,142,294,818,1570,3311,8154
122.6,15,19,85,153,334,804,1665,3255,8023
122.7,19,37,76,140,302,838,1600,3318,8138
122.8,16,23,65,170,308,805,1629,3221,7887
122.9,12,39,66,134,304,832,1544,3189,7938
123,9,32,86,149,304,842,1589,3239,8002
123.1,21,39,91,151,326,798,1723,3224,7917
123.2,13,27,90,137,314,817,1710,3304,7922
123.3,15,36,80,154,338,795,1676,3249,7978
123.4,12,42,81,166,306,794,1637,3150,8096
123.5,19,27,70,158,320,826,1644,3317,8182
123.6,16,34,84,146,279,825,1621,3244,7924
123.7,16,38,71,164,389,831,1627,3285,8150
123.8,12,32,80,166,323,791,1636,3322,7931
123.9,17,24,86,152,310,795,1737,3149,8000
124,15,34,76,174,310,848,1666,3265,7976
124.1,20,24,76,150,321,805,1583,3188,7839
124.2,12,33,78,169,318,799,1645,3256,7922
124.3,22,28,78,159,348,814,1587,3169,7953
124.4,16,26,94,154,294,833,1656,3207,8169
124.5,18,28,76,161,320,823,1706,3211,8001
124.6,17,24,75,152,296,765,1702,3278,8131
124.7,17,30,76,150,342,815,1594,3202,8083
124.8,14,24,77,146,317,785,1693,3270,8031
124.9,16,32,78,186,290,817,1615,3279,7985
