APD1,227142,226969,225564.8,227023.7,223327.95,225832.28,223610.76,226193.455,224027.532
APD2,191282,192311.5,189276.4,191086.7,186677.75,187810.34,188413.68,189981.115,187916.524
tau,iter_1,iter_2,iter_3,iter_4,iter_5,iter_6,iter_7,iter_8,iter_9
-125,22,45,130,271,490,1257,2412,4900,12425
-124.9,20,44,98,256,462,1209,2384,5019,12100
-124.8,30,44,137,259,446,1240,2374,4910,12083
-124.7,22,47,137,257,457,1219,2447,4893,12338
-124.6,21,52,129,257,470,1198,2362,4954,12340
-124.5,28,51,139,244,441,1291,2400,5058,12118
-124.4,26,47,114,261,511,1288,2474,4909,12218
-124.3,29,54,142,223,494,1185,2495,4936,12102
-124.2,27,54,114,235,466,1279,2414,4973,12225
-124.1,25,53,111,256,480,1243,2441,4995,12293
-124,20,54,140,289,491,1156,2481,4991,12196
-123.9,32,49,135,235,440,1129,2440,4850,12339
-123.8,23,57,124,252,477,1119,2433,4863,12159
-123.7,27,51,112,264,461,1182,2486,5007,12352
-123.6,24,54,139,284,437,1216,2421,4998,12406
-123.5,21,58,121,279,493,1201,2423,4930,12245
-123.4,27,59,134,232,470,1214,2462,5016,12159
-123.3,29,59,138,253,519,1268,2416,4930,12376
-123.2,22,53,111,247,456,1233,2446,4928,12096
-123.1,25,49,120,289,479,1255,2483,4945,12183
-123,30,47,118,237,466,1233,2476,4983,12348
-122.9,30,49,128,259,471,1204,2516,4977,12327
-122.8,29,36,121,278,494,1223,2472,4925,12431
-122.7,27,49,111,273,466,1219,2489,4922,12353
-122.6,17,46,114,277,501,1265,2328,4952,12135
-122.5,30,45,123,238,504,1231,2376,4923,12235
-122.4,25,40,115,256,479,1215,2522,5052,12109
-122.3,21,44,121,283,479,1254,2347,5070,12302
-122.2,25,50,123,249,486,1225,2423,5067,12434
-122.1,21,39,115,272,498,1189,2411,4915,12362
-122,18,37,123,245,473,1200,2542,4899,12159
-121.9,28,53,141,221,474,1168,2393,4925,12228
-121.8,22,52,117,244,509,1150,2460,5020,12363
-121.7,25,42,122,204,462,1195,2524,4951,12238
-121.6,15,41,120,223,539,1235,2480,4949,12407
-121.5,22,50,135,230,455,1196,2293,5007,12173
-121.4,26,55,109,258,499,1227,2493,4814,12127
-121.3,24,50,127,274,480,1225,2398,4923,12084
-121.2,25,46,123,226,488,1229,2386,4990,12280
-121.1,15,39,112,206,479,1256,2440,4953,12315
-121,24,47,126,266,503,1219,2568,4875,12329
-120.9,24,46,113,254,467,1203,2448,5121,12203
-120.8,18,38,137,267,470,1222,2382,5064,12388
-120.7,28,39,129,239,480,1169,2427,4918,12129
-120.6,24,44,136,251,499,1206,2370,5048,12356
-120.5,25,59,108,261,474,1177,2477,4944,12413
-120.4,35,52,130,257,463,1273,2443,4945,12118
-120.3,30,48,108,250,473,1227,2411,4822,12224
-120.2,19,44,121,234,478,1274,2513,4801,12451
-120.1,22,45,127,244,479,1270,2445,5068,12472
-120,20,51,136,259,458,1197,2516,4906,12149
-119.9,24,51,125,239,495,1256,2392,4814,12405
-119.8,27,53,115,269,463,1223,2463,5030,12227
-119.7,28,51,123,257,478,1241,2451,4907,12185
-119.6,19,47,123,236,507,1202,2398,4876,12423
-119.5,18,58,149,219,438,1272,2445,4989,12251
-119.4,15,49,112,252,471,1222,2504,4922,12236
-119.3,20,43,127,228,499,1256,2483,4945,12255
-119.2,23,46,123,256,479,1244,2466,4824,12108
-119.1,29,46,99,246,471,1262,2376,4952,12144
-119,24,52,121,238,486,1233,2525,4989,12217
-118.9,23,46,99,220,505,1183,2410,4932,12214
-118.8,24,54,140,241,515,1200,2492,5065,12032
-118.7,20,56,120,262,466,1250,2430,4943,12314
-118.6,17,51,107,269,462,1197,2361,4961,12132
-118.5,28,52,127,277,454,1223,2502,4962,12340
-118.4,20,47,118,233,444,1284,2425,5084,12187
-118.3,31,55,121,235,520,1226,2486,5052,12149
-118.2,25,43,126,241,484,1276,2395,4944,12378
-118.1,27,54,115,261,438,1174,2453,5009,12338
-118,24,58,144,269,474,1246,2459,4913,12316
-117.9,23,49,128,231,458,1237,2409,4949,12131
-117.8,31,42,129,247,522,1230,2486,4934,12274
-117.7,21,55,116,225,479,1259,2415,4935,12158
-117.6,17,49,115,239,484,1235,2444,5033,12548
-117.5,27,31,117,260,497,1224,2447,4961,12467
-117.4,20,42,141,258,462,1209,2449,4890,12288
-117.3,22,42,112,243,471,1259,2385,5086,12390
-117.2,24,46,139,268,488,1237,2474,4811,12379
-117.1,30,45,128,243,452,1220,2458,5086,12286
-117,24,56,130,240,504,1237,2422,4994,12171
-116.9,31,46,147,210,447,1240,2390,4972,12333
-116.8,27,57,121,255,480,1205,2413,5086,12326
-116.7,36,43,116,245,512,1195,2362,4974,12293
-116.6,27,51,122,267,517,1197,2379,5012,12268
-116.5,23,51,134,277,467,1146,2420,4973,12311
-116.4,25,41,118,261,473,1229,2374,5080,12335
-116.3,20,50,125,251,483,1322,2397,4899,12201
-116.2,20,56,134,245,432,1201,2512,4940,12488
-116.1,31,44,92,245,513,1204,2477,4856,12219
-116,37,46,123,266,492,1225,2375,4872,12233
-115.9,31,50,131,237,471,1258,2472,4970,12296
-115.8,20,55,108,228,470,1244,2427,4879,12205
-115.7,20,64,130,254,473,1217,2418,5073,12359
-115.6,13,50,117,242,509,1229,2471,5005,12316
-115.5,19,50,124,254,469,1223,2374,4946,12359
-115.4,30,41,113,242,491,1174,2424,4893,12368
-115.3,22,50,104,261,460,1199,2362,4912,12134
-115.2,31,53,122,249,491,1173,2487,4913,12145
-115.1,35,50,125,232,481,1303,2414,4933,12300
-115,35,53,127,267,493,1241,2540,4870,12380
-114.9,18,44,128,259,483,1264,2370,4911,12346
-114.8,19,42,121,231,491,1240,2521,4856,12320
-114.7,20,43,111,234,501,1200,2531,5002,12119
-114.6,27,40,133,250,455,1214,2363,4865,12522
-114.5,24,56,111,250,498,1153,2456,4884,12430
-114.4,21,41,141,247,503,1209,2492,5005,12401
-114.3,20,54,136,243,458,1231,2455,4861,12497
-114.2,25,58,130,247,500,1238,2403,5016,12373
-114.1,17,50,126,231,486,1176,2438,5032,12346
-114,16,54,115,256,497,1234,2506,4935,12460
-113.9,20,61,107,243,512,1250,2346,4905,12272
-113.8,20,44,122,253,493,1186,2448,4779,12160
-113.7,23,53,102,247,500,1255,2384,5145,12184
-113.6,21,50,111,240,482,1196,2511,4974,12324
-113.5,18,45,129,235,448,1223,2467,5031,12077
-113.4,36,43,117,261,479,1265,2448,5011,12387
-113.3,21,43,97,260,485,1243,2524,5012,12219
-113.2,22,43,118,223,459,1247,2406,5162,12440
-113.1,10,52,122,228,477,1243,2452,4930,12067
-113,20,51,121,250,457,1250,2402,4965,12419
-112.9,34,52,136,249,497,1202,2440,4870,12267
-112.8,26,46,120,244,480,1200,2365,5035,12039
-112.7,20,46,128,248,515,1187,2403,4961,12479
-112.6,18,54,131,235,461,1200,2465,4958,12298
-112.5,21,54,124,251,438,1214,2477,5014,12281
-112.4,29,48,115,225,473,1195,2343,5053,11916
-112.3,22,49,127,253,494,1212,2462,4990,12285
-112.2,25,67,117,268,504,1231,2530,4928,12394
-112.1,31,58,110,259,441,1180,2384,4947,12419
-112,18,64,131,216,479,1245,2414,4970,12356
-111.9,29,51,122,226,476,1196,2502,4888,12324
-111.8,18,51,113,274,484,1149,2401,4891,12450
-111.7,17,48,116,281,455,1242,2368,5017,12176
-111.6,18,55,113,233,462,1246,2494,4913,12379
-111.5,22,39,113,233,517,1209,2440,4857,12310
-111.4,31,40,133,249,474,1194,2505,4903,12269
-111.3,24,35,115,245,483,1194,2383,5033,12550
-111.2,23,59,107,262,487,1194,2491,4996,12266
-111.1,23,53,120,234,491,1209,2417,4888,12334
-111,19,59,133,249,471,1242,2401,4913,11903
-110.9,25,42,111,269,450,1228,2478,5070,12387
-110.8,19,43,127,222,493,1201,2428,5079,12240
-110.7,25,53,120,258,534,1222,2510,5039,12306
-110.6,23,42,129,266,469,1180,2426,4922,12345
-110.5,23,54,106,242,490,1247,2443,4778,12271
-110.4,30,44,130,245,511,1262,2428,5033,12112
-110.3,25,37,126,247,522,1236,2460,5074,12204
-110.2,25,42,121,244,477,1185,2450,4951,12502
-110.1,18,59,130,247,447,1180,2461,4982,12345
-110,31,51,128,253,475,1232,2396,4847,12269
-109.9,27,56,119,261,525,1266,2427,4932,12366
-109.8,17,47,117,238,496,1228,2442,5039,12442
-109.7,27,61,102,292,437,1192,2424,5077,12405
-109.6,16,50,122,230,527,1227,2449,4976,12247
-109.5,27,60,111,246,493,1205,2411,4835,12341
-109.4,28,56,133,230,507,1149,2440,4990,12395
-109.3,23,49,125,249,518,1232,2345,4976,12456
-109.2,33,52,123,220,477,1224,2531,4923,12167
-109.1,26,45,101,255,456,1209,2490,4921,12272
-109,22,52,99,261,455,1217,2400,4925,12213
-108.9,22,54,118,243,456,1168,2542,4826,12448
-108.8,19,51,122,254,509,1252,2411,4850,12435
-108.7,28,31,137,248,510,1164,2481,4994,12225
-108.6,26,57,116,227,516,1198,2435,4957,12414
-108.5,15,49,124,239,467,1202,2391,5022,12394
-108.4,25,50,115,220,531,1237,2447,4905,12499
-108.3,24,55,114,231,472,1239,2522,4939,12351
-108.2,21,50,123,244,465,1215,2435,5024,12348
-108.1,18,48,125,273,479,1191,2527,4937,12492
-108,24,49,133,237,457,1243,2494,5039,12471
-107.9,31,48,119,234,467,1203,2444,5007,12081
-107.8,31,51,108,264,458,1269,2496,4934,12423
-107.7,17,47,113,240,476,1195,2499,4942,12142
-107.6,26,42,143,227,518,1210,2436,4949,12408
-107.5,24,43,134,264,480,1198,2383,4956,12413
-107.4,22,46,119,258,456,1184,2430,4973,12701
-107.3,25,38,95,259,490,1226,2424,5061,12416
-107.2,27,40,118,257,429,1175,2497,4970,12432
-107.1,16,60,117,242,499,1246,2479,4934,12247
-107,26,62,117,231,485,1226,2499,5037,12348
-106.9,20,58,115,224,476,1207,2474,4940,12218
-106.8,24,50,120,245,466,1162,2445,5070,12350
-106.7,30,52,139,239,473,1199,2486,4917,12428
-106.6,19,42,129,257,459,1300,2430,4906,12510
-106.5,14,59,116,234,479,1217,2422,4906,12380
-106.4,23,53,123,282,503,1172,2378,4963,11925
-106.3,23,61,131,254,495,1288,2404,5031,12322
-106.2,15,44,126,244,482,1236,2388,5150,12235
-106.1,32,49,130,248,495,1233,2470,5054,12461
-106,20,35,121,234,475,1202,2374,4987,12260
-105.9,30,56,133,255,460,1209,2462,5011,12249
-105.8,26,41,132,244,457,1203,2428,4996,12383
-105.7,19,46,127,274,490,1153,2431,4961,12406
-105.6,34,49,130,272,483,1240,2403,4901,12447
-105.5,19,48,137,275,485,1253,2495,4930,12372
-105.4,30,47,117,281,476,1193,2452,5002,12365
-105.3,15,46,126,261,475,1164,2504,5018,12616
-105.2,21,43,121,250,460,1276,2510,4884,12435
-105.1,25,44,107,259,488,1140,2467,4934,12405
-105,18,46,116,247,494,1254,2546,4976,12540
-104.9,29,54,126,234,481,1248,2412,4973,12443
-104.8,29,50,117,272,486,1156,2503,4898,12236
-104.7,31,55,117,250,472,1246,2469,4905,12405
-104.6,21,50,114,242,484,1213,2475,4953,12293
-104.5,22,50,132,225,458,1257,2433,4863,12209
-104.4,27,40,131,240,467,1207,2490,5023,12260
-104.3,25,53,114,250,502,1239,2451,4894,12280
-104.2,23,56,130,241,515,1194,2380,4912,12352
-104.1,13,49,136,236,479,1249,2450,4935,12366
-104,17,55,124,232,490,1237,2438,5078,12497
-103.9,21,44,112,235,471,1236,2498,5145,12351
-103.8,29,39,111,250,449,1338,2422,4964,12122
-103.7,33,54,149,221,484,1143,2589,5002,12321
-103.6,27,52,128,255,511,1210,2428,4999,12551
-103.5,25,51,142,259,489,1194,2436,4890,12481
-103.4,31,53,114,272,490,1263,2373,4910,12335
-103.3,18,48,119,271,454,1225,2519,5050,12261
-103.2,24,75,107,254,498,1227,2483,4944,12445
-103.1,18,47,114,254,465,1270,2434,5000,12439
-103,24,52,140,240,469,1245,2376,5013,12404
-102.9,22,55,123,267,493,1184,2440,5034,12169
-102.8,36,51,123,255,479,1230,2561,4962,12215
-102.7,27,53,122,269,472,1205,2472,5000,12385
-102.6,26,39,119,236,481,1271,2370,4997,12486
-102.5,25,52,112,261,481,1263,2502,5094,12361
-102.4,26,48,120,263,443,1326,2442,4902,12438
-102.3,18,54,127,252,462,1228,2460,5110,12162
-102.2,25,57,137,236,480,1242,2463,5000,12357
-102.1,20,50,103,267,515,1203,2449,4893,12384
-102,38,41,123,219,493,1309,2467,4958,12206
-101.9,25,53,136,244,507,1256,2412,4942,12384
-101.8,26,41,125,284,476,1203,2406,4991,12340
-101.7,26,42,128,246,484,1241,2489,4907,12331
-101.6,22,47,125,253,483,1198,2413,4980,12371
-101.5,27,47,114,268,499,1314,2519,5043,12232
-101.4,34,67,124,271,496,1237,2359,4860,12234
-101.3,15,36,128,250,487,1188,2433,4948,12266
-101.2,23,50,120,265,477,1268,2460,5019,12233
-101.1,26,49,131,271,457,1241,2570,4978,12332
-101,23,57,135,247,485,1226,2492,5049,12432
-100.9,29,67,133,223,495,1210,2480,4935,12250
-100.8,28,55,144,238,501,1195,2428,4995,12602
-100.7,29,56,139,248,440,1227,2389,5033,12372
-100.6,20,47,117,263,468,1240,2442,5029,12229
-100.5,29,41,130,248,478,1208,2442,5042,12678
-100.4,23,49,135,275,490,1207,2395,5114,12290
-100.3,24,51,122,247,484,1249,2428,5087,12470
-100.2,27,45,131,270,486,1235,2517,4986,12472
-100.1,29,45,101,240,489,1238,2418,4835,12400
-100,22,42,139,225,448,1248,2445,5026,12364
-99.9,18,57,103,262,480,1262,2414,4944,12469
-99.8,19,55,120,247,453,1226,2436,4938,12354
-99.7,19,34,124,227,487,1239,2463,5058,12395
-99.6,34,47,131,294,477,1204,2425,5003,12476
-99.5,21,50,124,239,465,1267,2497,4992,12590
-99.4,22,46,125,239,501,1255,2471,4961,12388
-99.3,22,49,126,250,470,1215,2431,4976,12597
-99.2,19,46,132,231,496,1326,2426,5000,12254
-99.1,25,48,105,235,473,1220,2467,4893,12430
-99,21,59,111,244,459,1249,2489,5076,12342
-98.9,25,44,137,221,487,1250,2574,5073,12366
-98.8,20,40,132,259,506,1261,2571,4917,12234
-98.7,25,45,132,254,501,1252,2466,5115,12501
-98.6,30,45,131,248,518,1249,2587,4926,12368
-98.5,37,42,111,235,519,1301,2584,4920,12334
-98.4,23,57,140,235,481,1190,2491,4957,12565
-98.3,30,56,123,231,504,1239,2417,4961,12425
-98.2,22,49,124,260,474,1172,2443,4955,12567
-98.1,22,41,121,257,500,1300,2488,4956,12496
-98,20,48,129,235,494,1205,2497,4925,12486
-97.9,18,57,142,228,481,1208,2490,4964,12500
-97.8,25,44,119,245,498,1241,2434,4935,12331
-97.7,21,42,129,239,496,1228,2384,4911,12207
-97.6,25,39,110,248,455,1233,2463,5004,12481
-97.5,28,59,138,269,472,1247,2430,4963,12357
-97.4,22,56,129,251,447,1170,2454,4957,12304
-97.3,25,49,133,252,479,1139,2512,5058,12490
-97.2,24,58,145,252,491,1218,2452,4986,12521
-97.1,23,57,132,273,449,1187,2596,4955,12300
-97,26,62,121,250,485,1242,2496,5006,12365
-96.9,22,62,114,267,499,1206,2419,5120,12520
-96.8,22,53,140,264,494,1187,2455,4908,12332
-96.7,26,45,125,270,437,1244,2442,4953,12258
-96.6,26,45,120,274,482,1199,2554,4985,12398
-96.5,27,47,116,245,467,1195,2468,4974,12367
-96.4,30,48,116,254,539,1226,2464,4964,12365
-96.3,26,61,106,247,495,1211,2377,5097,12492
-96.2,28,57,127,265,447,1248,2439,4993,12233
-96.1,16,33,141,268,470,1224,2572,5045,12334
-96,28,71,150,252,488,1167,2460,5067,12466
-95.9,16,48,126,249,463,1280,2434,5080,12400
-95.8,28,54,131,241,504,1256,2473,5021,12507
-95.7,29,51,118,255,501,1173,2475,4995,12433
-95.6,17,46,131,242,464,1223,2412,5109,12426
-95.5,21,56,114,257,459,1161,2470,4942,12352
-95.4,19,60,116,262,441,1303,2522,5128,12345
-95.3,19,51,141,270,513,1229,2546,5057,12465
-95.2,28,44,133,276,466,1252,2434,4941,12285
-95.1,20,52,126,246,437,1244,2463,5035,12443
-95,25,43,133,239,480,1237,2351,4937,12311
-94.9,26,59,121,254,514,1222,2453,5005,12392
-94.8,25,40,143,239,466,1257,2428,4959,12346
-94.7,23,52,119,226,470,1207,2506,5059,12423
-94.6,19,44,109,245,519,1225,2592,5025,12727
-94.5,25,44,137,249,487,1218,2503,4945,12429
-94.4,18,39,127,273,523,1199,2422,4992,12308
-94.3,23,46,123,250,517,1243,2462,5092,12274
-94.2,23,55,123,224,467,1243,2458,4939,12603
-94.1,31,39,122,262,444,1242,2529,5014,12396
-94,26,53,127,240,494,1267,2463,5052,12407
-93.9,27,53,119,264,519,1230,2443,5143,12505
-93.8,24,41,129,245,502,1247,2485,4986,12374
-93.7,30,39,116,267,452,1264,2518,5107,12590
-93.6,31,51,137,217,443,1220,2453,5039,12457
-93.5,32,42,141,283,480,1204,2443,5050,12504
-93.4,25,57,108,256,463,1276,2443,5012,12520
-93.3,29,47,126,229,527,1209,2521,5064,12795
-93.2,19,57,109,253,506,1203,2440,5030,12556
-93.1,24,46,128,254,488,1280,2437,5084,12577
-93,23,56,130,244,469,1251,2452,4920,12598
-92.9,23,50,118,216,504,1283,2597,5096,12482
-92.8,31,43,129,269,481,1240,2482,5044,12499
-92.7,26,49,147,264,480,1235,2512,5036,12490
-92.6,18,61,110,240,522,1257,2434,4968,12412
-92.5,21,48,135,264,499,1252,2529,4920,12267
-92.4,33,50,133,275,503,1196,2468,5052,12524
-92.3,20,63,121,225,496,1315,2478,5019,12358
-92.2,22,45,139,266,474,1250,2475,5012,12457
-92.1,24,38,116,269,495,1211,2524,5040,12397
-92,22,55,115,273,471,1220,2511,4957,12430
-91.9,28,46,123,240,512,1332,2480,4991,12281
-91.8,19,59,138,241,467,1259,2462,5015,12531
-91.7,28,48,124,237,499,1265,2507,5037,12717
-91.6,26,49,111,241,515,1198,2544,5114,12474
-91.5,33,38,119,251,472,1218,2428,5005,12524
-91.4,33,47,109,255,500,1232,2490,4981,12421
-91.3,15,52,123,231,514,1273,2517,4972,12604
-91.2,19,57,111,224,501,1298,2468,4915,12453
-91.1,28,46,136,252,522,1218,2407,5077,12369
-91,13,53,132,250,492,1252,2430,4924,12410
-90.9,18,50,148,262,494,1272,2447,4922,12304
-90.8,21,47,131,251,460,1233,2468,4920,12583
-90.7,26,55,136,254,483,1286,2366,5063,12435
-90.6,34,44,116,260,514,1249,2481,5014,12397
-90.5,23,61,138,256,494,1284,2487,5027,12553
-90.4,26,54,123,247,495,1264,2476,5079,12348
-90.3,24,47,150,253,514,1206,2545,4991,12454
-90.2,18,52,136,246,479,1326,2566,4998,12652
-90.1,21,59,141,262,476,1231,2471,5050,12333
-90,33,57,103,244,535,1263,2498,5031,12246
-89.9,20,45,133,235,469,1290,2493,5083,12337
-89.8,32,57,112,236,468,1273,2528,4975,12313
-89.7,28,53,114,257,469,1192,2497,4986,12514
-89.6,26,45,127,270,504,1242,2516,4907,12573
-89.5,24,53,117,261,513,1267,2454,4935,12533
-89.4,26,58,108,263,445,1183,2457,5118,12419
-89.3,27,51,119,239,491,1231,2452,4887,12431
-89.2,23,45,127,251,488,1209,2482,4987,12556
-89.1,21,55,121,256,533,1235,2472,5009,12298
-89,26,46,114,245,500,1222,2482,5055,12308
-88.9,25,51,135,271,500,1216,2448,5081,12312
-88.8,31,46,119,244,517,1244,2437,5096,12352
-88.7,23,48,119,234,475,1214,2451,5077,12485
-88.6,26,44,119,257,502,1267,2511,4992,12505
-88.5,28,47,113,234,529,1200,2386,5004,12439
-88.4,19,57,119,230,471,1293,2415,4946,12498
-88.3,23,47,135,230,508,1219,2478,4901,12461
-88.2,29,45,119,242,476,1224,2468,5162,12457
-88.1,16,46,126,287,503,1243,2522,4920,12514
-88,20,48,118,250,450,1232,2539,5026,12383
-87.9,29,57,142,271,465,1233,2423,5076,12684
-87.8,23,38,122,265,491,1282,2479,4994,12470
-87.7,16,38,146,271,473,1230,2552,5099,12433
-87.6,31,40,132,272,499,1212,2571,5066,12295
-87.5,27,55,129,249,509,1249,2418,5071,12492
-87.4,24,48,125,247,500,1237,2546,4921,12500
-87.3,31,54,133,245,475,1212,2509,4944,12646
-87.2,28,45,126,258,468,1160,2606,5134,12271
-87.1,23,44,117,246,493,1260,2442,5007,12439
-87,23,48,134,255,459,1240,2416,5064,12453
-86.9,22,60,119,233,459,1246,2441,5065,12510
-86.8,30,47,135,277,473,1262,2510,5033,12455
-86.7,33,44,126,278,464,1202,2534,4996,12771
-86.6,17,55,122,253,506,1192,2421,5143,12685
-86.5,32,54,115,246,497,1216,2373,5102,12339
-86.4,29,56,127,236,480,1227,2476,4995,12599
-86.3,26,36,129,248,469,1203,2387,5120,12488
-86.2,22,44,136,253,467,1225,2527,4985,12392
-86.1,26,62,119,228,537,1238,2408,5077,12641
-86,19,49,130,236,483,1242,2371,5025,12477
-85.9,28,46,128,253,455,1202,2491,5087,12492
-85.8,27,43,106,267,476,1250,2412,5089,12542
-85.7,23,49,131,263,476,1214,2468,5009,12579
-85.6,23,46,118,244,519,1258,2500,5044,12713
-85.5,17,42,143,253,527,1265,2436,5077,12500
-85.4,25,62,120,230,469,1251,2380,5118,12746
-85.3,27,37,128,249,497,1197,2459,4963,12290
-85.2,34,63,125,273,488,1242,2545,5058,12500
-85.1,26,43,98,269,445,1232,2484,5017,12393
-85,27,38,126,247,483,1237,2513,5068,12562
-84.9,16,41,150,252,483,1189,2362,5052,12417
-84.8,26,45,122,269,465,1259,2416,5046,12495
-84.7,19,50,121,254,542,1265,2410,4935,12539
-84.6,25,52,108,244,491,1202,2538,4929,12616
-84.5,20,54,124,291,481,1236,2486,4927,12407
-84.4,32,55,113,260,507,1259,2458,4989,12671
-84.3,28,59,140,261,505,1203,2599,4988,12605
-84.2,31,57,109,234,483,1258,2422,5021,12707
-84.1,24,47,109,238,478,1188,2498,5154,12426
-84,22,49,113,260,506,1228,2431,5087,12658
-83.9,17,42,106,284,489,1282,2503,5208,12474
-83.8,28,48,122,251,473,1264,2488,5062,12370
-83.7,15,43,122,237,486,1212,2438,5111,12511
-83.6,20,47,130,244,481,1216,2462,4929,12414
-83.5,24,38,117,247,526,1240,2502,5060,12464
-83.4,16,52,115,259,522,1219,2475,4828,12479
-83.3,19,49,114,280,492,1281,2413,5081,12446
-83.2,30,60,129,269,450,1313,2447,5060,12395
-83.1,27,53,119,254,450,1224,2519,4999,12368
-83,22,52,130,243,529,1193,2508,5047,12508
-82.9,23,56,121,252,469,1280,2325,5131,12618
-82.8,21,44,128,253,497,1209,2470,5024,12508
-82.7,18,55,131,247,528,1219,2433,4943,12416
-82.6,18,52,119,254,495,1298,2482,5053,12623
-82.5,24,45,115,281,492,1219,2448,5078,12585
-82.4,29,46,130,226,467,1204,2458,5052,12246
-82.3,23,55,125,286,471,1221,2469,5041,12448
-82.2,20,40,111,250,520,1271,2453,4971,12628
-82.1,22,46,119,247,457,1211,2553,5101,12655
-82,24,46,123,251,479,1200,2418,5101,12443
-81.9,26,41,114,240,497,1265,2509,5012,12442
-81.8,20,45,118,242,499,1209,2442,5137,12700
-81.7,30,40,135,256,479,1266,2519,5036,12568
-81.6,24,55,121,248,449,1271,2429,5089,12457
-81.5,28,56,116,242,507,1250,2417,4974,12439
-81.4,24,64,109,259,487,1201,2493,4974,12382
-81.3,24,48,96,257,478,1297,2549,5097,12536
-81.2,24,49,142,269,519,1262,2562,4979,12439
-81.1,31,37,143,251,492,1257,2420,4988,12377
-81,27,46,127,288,455,1231,2519,4998,12561
-80.9,29,50,132,251,498,1202,2504,5082,12465
-80.8,18,47,130,273,505,1274,2544,5099,12676
-80.7,22,58,138,271,503,1227,2602,5120,12725
-80.6,26,50,132,243,498,1251,2417,5068,12320
-80.5,21,43,126,267,480,1258,2576,5137,12591
-80.4,25,50,120,242,485,1244,2471,5010,12568
-80.3,20,47,118,261,420,1169,2495,4942,12528
-80.2,31,41,122,269,464,1230,2513,5080,12600
-80.1,20,36,119,254,525,1239,2543,5027,12484
-80,32,40,129,285,502,1285,2554,5021,12571
-79.9,22,57,120,242,479,1196,2455,5199,12635
-79.8,25,44,114,231,512,1248,2424,5110,12686
-79.7,20,54,115,217,486,1266,2471,5189,12938
-79.6,23,49,117,260,500,1241,2548,5107,12573
-79.5,13,43,117,260,454,1246,2562,5055,12672
-79.4,28,43,115,254,461,1271,2539,5051,12610
-79.3,35,46,108,261,522,1218,2498,5141,12895
-79.2,26,49,140,265,496,1244,2511,5165,12442
-79.1,23,51,128,236,492,1255,2514,5137,12746
-79,16,39,132,261,460,1263,2519,5008,12557
-78.9,18,39,131,259,454,1263,2513,5087,12549
-78.8,18,59,119,263,481,1282,2574,5053,12591
-78.7,30,49,120,245,496,1254,2465,5072,12545
-78.6,26,46,136,242,466,1213,2494,5172,12744
-78.5,24,43,126,276,492,1269,2566,5019,12705
-78.4,23,47,124,262,488,1217,2571,5169,12746
-78.3,23,67,150,258,501,1270,2565,5157,12700
-78.2,27,59,115,242,504,1270,2496,5014,12378
-78.1,36,46,125,236,478,1279,2492,5008,12755
-78,21,50,120,251,540,1283,2523,5151,12685
-77.9,26,51,136,260,519,1228,2455,5061,12562
-77.8,28,54,132,258,471,1159,2496,5182,12362
-77.7,29,43,115,271,518,1192,2446,5118,12529
-77.6,23,43,121,250,521,1218,2526,5153,12660
-77.5,23,49,133,296,520,1240,2487,5114,12671
-77.4,28,43,137,256,507,1357,2447,5116,12583
-77.3,24,38,115,271,507,1236,2492,5153,12476
-77.2,31,51,132,241,494,1283,2465,5140,12575
-77.1,18,60,111,276,474,1257,2485,5096,12594
-77,31,69,162,285,501,1242,2439,5068,12665
-76.9,31,72,127,242,474,1280,2498,5123,12679
-76.8,20,54,118,256,472,1284,2554,5152,12696
-76.7,25,40,125,262,519,1293,2478,5212,12672
-76.6,32,51,147,288,483,1225,2476,5100,12683
-76.5,20,46,131,258,529,1196,2533,5094,12894
-76.4,23,49,122,261,466,1214,2425,5138,12551
-76.3,24,46,113,293,484,1210,2495,5087,12426
-76.2,27,43,125,273,466,1209,2478,5117,12514
-76.1,27,52,122,237,499,1290,2540,5185,12575
-76,22,40,121,265,514,1228,2511,5133,12545
-75.9,26,44,147,255,479,1210,2448,5036,12440
-75.8,27,48,123,247,498,1225,2572,5057,12612
-75.7,21,41,122,248,451,1319,2497,5069,12532
-75.6,22,47,127,258,523,1233,2584,5030,12477
-75.5,20,51,139,241,494,1219,2474,4943,12546
-75.4,27,36,104,247,475,1193,2487,5010,12585
-75.3,21,43,118,245,491,1265,2491,4958,12507
-75.2,26,50,143,242,474,1274,2379,4949,12565
-75.1,19,48,119,270,501,1225,2473,5117,12501
-75,19,58,103,251,509,1274,2458,5107,12571
-74.9,19,48,109,247,520,1250,2554,5100,12733
-74.8,32,47,126,257,501,1283,2545,5055,12578
-74.7,21,51,141,263,479,1238,2446,5115,12655
-74.6,23,55,131,275,458,1224,2447,4929,12617
-74.5,23,52,130,249,466,1229,2473,5074,12509
-74.4,21,50,139,277,495,1177,2547,5203,12492
-74.3,22,50,111,268,459,1235,2497,5099,12548
-74.2,22,61,119,231,501,1247,2486,5062,12223
-74.1,32,42,119,279,493,1221,2487,5075,12597
-74,28,54,128,242,523,1313,2495,5059,12684
-73.9,30,36,130,268,524,1198,2460,4970,12532
-73.8,20,44,110,279,489,1212,2507,5083,12619
-73.7,17,48,127,267,493,1248,2500,5191,12563
-73.6,19,55,125,271,496,1326,2429,4972,12459
-73.5,27,62,133,270,489,1228,2477,5068,12550
-73.4,18,53,120,266,490,1231,2424,5078,12518
-73.3,23,55,110,245,484,1221,2405,4960,12564
-73.2,19,51,137,236,458,1271,2521,5089,12690
-73.1,27,34,143,267,466,1245,2441,4948,12374
-73,33,61,119,272,441,1296,2442,5001,12410
-72.9,24,52,115,263,467,1234,2490,5031,12343
-72.8,30,38,113,245,463,1231,2553,5044,12409
-72.7,35,49,117,248,481,1219,2451,5121,12522
-72.6,13,46,124,230,509,1229,2541,5015,12572
-72.5,19,38,114,255,527,1234,2535,5107,12775
-72.4,16,57,119,250,479,1129,2522,5027,12506
-72.3,24,53,124,243,491,1314,2546,5136,12608
-72.2,22,55,131,260,461,1223,2434,4998,12473
-72.1,20,40,128,271,511,1252,2407,4895,12773
-72,27,52,136,247,487,1283,2441,5031,12465
-71.9,22,67,113,258,528,1311,2485,5016,12491
-71.8,22,53,118,262,499,1249,2513,4958,12541
-71.7,29,36,131,256,493,1212,2542,5040,12310
-71.6,34,53,140,244,449,1190,2571,4912,12440
-71.5,27,60,127,248,517,1269,2430,4952,12487
-71.4,25,50,123,272,469,1238,2544,5100,12325
-71.3,22,49,112,266,492,1198,2476,5152,12541
-71.2,31,49,112,239,481,1245,2431,5022,12677
-71.1,24,49,135,244,504,1195,2535,5013,12573
-71,22,42,122,260,490,1191,2528,5096,12662
-70.9,31,56,142,237,474,1216,2400,5081,12584
-70.8,30,52,135,280,476,1169,2410,5013,12608
-70.7,31,54,117,245,479,1221,2457,5034,12547
-70.6,18,50,115,268,485,1248,2487,5121,12752
-70.5,24,43,129,239,531,1223,2528,5069,12514
-70.4,25,48,137,248,479,1206,2517,5056,12597
-70.3,21,43,130,260,481,1196,2508,5059,12482
-70.2,38,54,139,271,451,1189,2425,5197,12822
-70.1,17,62,127,257,501,1225,2519,5004,12672
-70,24,63,139,240,504,1267,2528,4944,12536
-69.9,26,51,137,259,505,1265,2535,5047,12438
-69.8,28,51,133,247,472,1250,2556,4905,12511
-69.7,28,53,124,264,464,1203,2515,5035,12563
-69.6,25,60,135,241,518,1232,2501,5000,12436
-69.5,32,55,123,252,499,1251,2461,5021,12537
-69.4,20,42,139,241,519,1247,2493,4967,12548
-69.3,29,55,130,237,481,1227,2540,4976,12541
-69.2,26,61,122,282,509,1198,2460,5172,12700
-69.1,23,56,108,251,484,1196,2590,5017,12596
-69,20,54,128,253,455,1262,2529,5105,12676
-68.9,30,52,117,279,491,1339,2524,5058,12721
-68.8,35,44,138,253,527,1220,2476,5088,12596
-68.7,24,69,136,255,482,1339,2511,5054,12607
-68.6,23,50,142,261,496,1192,2451,5091,12531
-68.5,26,57,130,266,487,1254,2454,5139,12439
-68.4,26,50,127,249,519,1230,2542,4992,12546
-68.3,19,51,122,265,461,1217,2451,5091,12532
-68.2,38,58,132,262,510,1221,2497,4979,12713
-68.1,21,44,123,249,492,1226,2391,5036,12496
-68,21,55,111,251,529,1274,2435,4964,12432
-67.9,28,57,147,267,501,1238,2469,4878,12554
-67.8,23,58,130,245,495,1246,2476,5136,12731
-67.7,28,65,140,260,493,1170,2555,5096,12363
-67.6,21,51,119,226,502,1199,2524,4941,12533
-67.5,31,34,104,249,492,1208,2526,5175,12621
-67.4,39,53,127,285,503,1246,2447,5191,12445
-67.3,31,60,141,245,482,1205,2552,5022,12461
-67.2,25,52,123,248,511,1237,2441,5067,12499
-67.1,23,51,138,255,497,1276,2473,5113,12604
-67,34,39,119,243,487,1285,2462,5074,12659
-66.9,21,49,135,263,456,1283,2486,5054,12605
-66.8,30,55,133,237,482,1239,2472,5107,12530
-66.7,27,51,135,278,527,1255,2529,4972,12744
-66.6,27,55,128,248,502,1216,2492,5106,12560
-66.5,23,47,106,260,491,1221,2462,4989,12622
-66.4,28,47,139,268,512,1187,2456,5042,12563
-66.3,20,53,113,271,462,1222,2449,5071,12666
-66.2,23,43,122,276,504,1207,2484,5114,12709
-66.1,15,39,129,272,495,1232,2506,5093,12672
-66,32,49,112,264,490,1219,2537,5062,12431
-65.9,16,42,123,252,504,1294,2505,5092,12394
-65.8,17,43,128,253,469,1335,2454,5120,12574
-65.7,24,56,104,252,467,1238,2478,5062,12650
-65.6,28,52,130,250,517,1232,2568,4976,12492
-65.5,33,53,121,238,485,1266,2491,5076,12788
-65.4,20,50,114,240,528,1287,2521,5060,12550
-65.3,32,54,119,253,472,1195,2557,5063,12658
-65.2,22,56,134,290,506,1252,2557,4918,12566
-65.1,21,61,114,276,499,1280,2481,5114,12611
-65,29,52,110,263,486,1237,2483,5219,12724
-64.9,21,43,117,242,498,1274,2544,5114,12632
-64.8,34,43,136,244,489,1215,2575,5196,12606
-64.7,21,41,138,267,503,1215,2631,5217,12684
-64.6,24,46,127,263,481,1252,2557,5035,12992
-64.5,20,51,129,281,473,1279,2458,5042,12503
-64.4,24,49,143,272,498,1262,2550,5061,12715
-64.3,30,46,122,251,466,1271,2461,5118,12702
-64.2,21,51,117,239,484,1266,2452,5016,12571
-64.1,20,59,121,251,530,1253,2448,5076,12933
-64,34,59,127,245,510,1285,2568,5113,12692
-63.9,30,51,134,229,493,1280,2458,5081,12661
-63.8,15,47,124,244,500,1261,2567,5083,12487
-63.7,32,50,121,261,458,1240,2501,4979,12750
-63.6,29,61,128,243,502,1278,2511,5040,12685
-63.5,31,42,140,266,503,1222,2485,5116,12671
-63.4,29,48,114,252,476,1244,2547,5110,12662
-63.3,20,45,121,262,531,1210,2375,5061,12503
-63.2,25,55,127,273,461,1264,2477,5161,12467
-63.1,27,48,142,306,517,1246,2509,5185,12642
-63,28,50,134,276,506,1237,2457,5073,12516
-62.9,32,50,131,254,494,1232,2557,5100,12673
-62.8,17,59,129,257,481,1216,2518,5213,12637
-62.7,31,43,146,221,536,1264,2501,5098,12842
-62.6,26,60,135,228,499,1250,2451,5038,12701
-62.5,24,45,135,242,456,1244,2502,5010,12686
-62.4,23,30,116,241,513,1257,2570,4998,12873
-62.3,37,49,101,264,486,1261,2420,5150,12694
-62.2,22,58,116,237,504,1225,2514,5039,12572
-62.1,28,35,127,265,498,1321,2570,5102,12532
-62,18,58,149,236,476,1225,2424,5173,12657
-61.9,18,48,134,251,456,1342,2589,5214,12520
-61.8,19,50,127,265,519,1229,2472,5146,12561
-61.7,22,71,136,261,498,1190,2477,5101,12809
-61.6,21,51,124,263,516,1221,2476,5121,12599
-61.5,27,61,122,248,485,1261,2435,5148,12823
-61.4,20,61,120,266,485,1249,2583,5051,12608
-61.3,23,66,124,267,562,1262,2493,5118,12693
-61.2,28,61,142,246,483,1292,2547,5208,12617
-61.1,27,58,145,260,517,1217,2386,5120,12677
-61,29,52,149,256,479,1258,2551,4977,12668
-60.9,24,58,125,271,534,1207,2569,5021,12708
-60.8,25,61,110,297,518,1262,2608,5130,12649
-60.7,22,44,125,267,500,1207,2546,5113,12833
-60.6,21,53,132,239,505,1249,2456,5054,12678
-60.5,31,62,120,232,453,1277,2405,5059,12622
-60.4,23,50,120,248,497,1229,2509,5040,12756
-60.3,17,48,132,298,532,1265,2514,5090,12691
-60.2,30,46,128,244,538,1190,2539,5097,12713
-60.1,29,53,120,243,501,1285,2521,4974,12709
-60,13,48,130,242,502,1243,2453,5093,12659
-59.9,20,44,126,262,510,1257,2575,5039,12467
-59.8,31,53,119,282,520,1254,2578,5152,12689
-59.7,28,49,105,254,462,1208,2508,5051,12829
-59.6,24,57,151,277,513,1210,2405,5088,12615
-59.5,35,42,110,245,514,1360,2512,5167,12753
-59.4,25,40,132,285,527,1206,2436,5055,12430
-59.3,26,39,137,244,493,1262,2582,5049,12688
-59.2,17,47,146,271,500,1247,2536,5052,12718
-59.1,25,45,125,240,472,1281,2495,5203,12555
-59,24,42,130,258,480,1213,2473,4985,12610
-58.9,26,48,135,261,482,1252,2544,5116,12711
-58.8,20,35,126,261,478,1246,2609,5211,12488
-58.7,25,55,128,266,462,1198,2459,5003,12673
-58.6,22,43,132,260,528,1222,2466,4951,12574
-58.5,26,50,139,257,515,1275,2491,5107,12941
-58.4,34,54,122,253,487,1222,2517,5036,12647
-58.3,17,43,123,251,536,1300,2560,5225,12583
-58.2,24,67,106,269,499,1285,2523,5067,12639
-58.1,18,40,128,244,493,1209,2470,5107,12616
-58,33,42,108,244,492,1276,2446,5096,12699
-57.9,16,50,141,238,535,1224,2446,5099,12750
-57.8,25,40,124,267,494,1209,2574,5091,12563
-57.7,28,50,153,235,489,1239,2577,5081,12698
-57.6,34,55,117,253,496,1279,2529,5053,12763
-57.5,22,38,108,262,534,1238,2460,5033,12843
-57.4,23,56,137,279,511,1256,2514,5067,12857
-57.3,24,70,124,259,496,1258,2605,5083,12456
-57.2,33,48,118,239,480,1290,2451,5098,12696
-57.1,38,48,145,273,518,1274,2480,5180,12739
-57,23,44,133,252,535,1236,2546,5128,12728
-56.9,29,68,127,274,506,1286,2492,5085,12546
-56.8,25,64,128,241,521,1259,2433,5134,12654
-56.7,19,59,120,251,486,1199,2499,5120,12691
-56.6,26,54,127,262,489,1272,2526,5006,12661
-56.5,27,60,118,221,480,1270,2620,5017,12557
-56.4,29,45,135,240,492,1252,2469,5151,12818
-56.3,32,59,116,280,476,1318,2537,5232,12795
-56.2,21,32,150,273,553,1304,2593,5096,12791
-56.1,25,53,117,229,480,1210,2585,5209,12710
-56,22,42,101,258,514,1210,2530,5247,12664
-55.9,30,53,121,236,522,1271,2549,5091,12802
-55.8,26,69,123,258,516,1297,2490,5180,12739
-55.7,21,50,119,243,479,1255,2564,5165,12946
-55.6,23,59,117,266,544,1249,2638,5150,12858
-55.5,30,59,115,255,503,1251,2511,5195,12664
-55.4,26,45,135,262,534,1202,2555,5216,12894
-55.3,31,52,135,249,460,1324,2558,5186,12728
-55.2,29,43,121,264,496,1275,2511,5018,12781
-55.1,23,56,124,264,516,1215,2607,5147,12554
-55,28,48,134,262,490,1248,2555,5148,12697
-54.9,26,56,139,264,465,1274,2556,5052,12894
-54.8,28,51,103,233,481,1256,2495,5272,12909
-54.7,26,37,135,237,442,1204,2513,5176,12668
-54.6,24,51,134,257,485,1261,2518,5159,12931
-54.5,24,49,132,253,497,1243,2586,5194,12715
-54.4,34,57,117,224,532,1336,2498,5137,12938
-54.3,37,53,132,231,518,1232,2622,5169,12883
-54.2,20,49,126,260,519,1306,2489,5157,12918
-54.1,21,62,125,277,499,1280,2540,5127,12639
-54,29,63,117,285,434,1229,2556,5142,12791
-53.9,20,57,121,269,516,1204,2468,5244,12785
-53.8,33,52,97,276,522,1292,2527,5179,12823
-53.7,18,56,145,267,489,1239,2584,5058,12831
-53.6,34,52,129,265,495,1216,2540,5164,12932
-53.5,23,44,132,230,489,1250,2565,5201,12769
-53.4,32,67,116,251,500,1287,2596,5224,12740
-53.3,26,39,124,257,487,1281,2584,4985,12821
-53.2,25,53,112,257,478,1263,2513,5212,12933
-53.1,23,42,115,297,489,1280,2562,5023,12743
-53,35,57,133,278,462,1178,2573,5022,12685
-52.9,22,52,114,228,470,1361,2516,5165,12807
-52.8,35,63,138,258,476,1256,2515,5151,12677
-52.7,19,33,117,258,486,1318,2501,5174,12895
-52.6,37,64,137,254,519,1256,2590,5154,12591
-52.5,25,41,126,236,489,1233,2538,5063,12583
-52.4,18,50,135,260,498,1285,2527,5124,12868
-52.3,25,37,139,273,510,1206,2534,5142,12732
-52.2,22,47,132,240,487,1296,2436,5176,12568
-52.1,22,47,120,272,476,1262,2458,5033,12555
-52,29,51,125,281,475,1233,2553,5202,12759
-51.9,32,55,131,241,503,1213,2483,5090,12653
-51.8,30,62,133,247,520,1277,2482,5147,12541
-51.7,30,41,135,262,499,1256,2502,5038,12409
-51.6,24,65,128,243,483,1326,2404,5064,12634
-51.5,21,49,119,264,474,1272,2539,4967,12680
-51.4,20,49,130,248,506,1290,2540,5056,12516
-51.3,15,54,152,265,477,1210,2607,5144,12529
-51.2,23,49,136,242,477,1286,2528,5152,12737
-51.1,27,62,126,228,482,1248,2550,5085,12719
-51,21,48,125,267,492,1291,2549,5100,12642
-50.9,27,45,147,244,484,1292,2518,5007,12787
-50.8,26,49,122,280,467,1230,2510,5120,12659
-50.7,33,55,132,227,478,1278,2556,5091,12557
-50.6,20,44,137,251,466,1215,2502,5126,12569
-50.5,29,46,111,240,519,1237,2435,5016,12469
-50.4,29,63,143,271,526,1247,2519,5032,12697
-50.3,22,57,126,262,429,1243,2501,4964,12546
-50.2,21,56,131,239,437,1289,2489,5062,12751
-50.1,31,46,121,235,505,1266,2480,5094,12757
-50,18,48,115,263,500,1246,2450,5102,12592
-49.9,26,43,133,274,504,1330,2509,5106,12623
-49.8,22,52,132,248,529,1202,2454,5064,12862
-49.7,28,51,108,251,519,1210,2587,5086,12687
-49.6,25,51,116,264,469,1159,2490,5057,12728
-49.5,18,57,128,257,495,1320,2493,5031,12829
-49.4,22,51,141,259,497,1270,2504,5113,12563
-49.3,23,38,128,265,483,1280,2514,5130,12679
-49.2,29,41,118,234,473,1242,2531,5032,12671
-49.1,21,48,119,254,496,1266,2468,5142,12788
-49,30,52,120,250,484,1283,2472,5052,12510
-48.9,21,48,131,255,503,1293,2518,4927,12617
-48.8,20,57,106,269,473,1297,2487,5009,12687
-48.7,24,60,132,243,506,1236,2491,5032,12466
-48.6,26,53,154,282,466,1290,2402,5078,12661
-48.5,30,44,119,285,505,1181,2449,5087,12539
-48.4,26,63,130,211,491,1199,2546,5131,12798
-48.3,31,46,124,267,489,1269,2597,5120,12794
-48.2,24,44,132,272,491,1205,2512,5214,12623
-48.1,23,49,132,281,491,1278,2542,5099,12586
-48,26,41,125,273,521,1207,2514,5191,12753
-47.9,23,47,119,263,526,1216,2542,5084,12910
-47.8,14,45,121,272,449,1293,2464,5062,12666
-47.7,18,60,118,259,509,1204,2484,4950,12850
-47.6,32,45,133,262,471,1316,2508,5146,12649
-47.5,25,45,129,281,504,1246,2589,5024,12955
-47.4,25,43,109,232,534,1250,2539,5068,12689
-47.3,23,58,117,239,506,1343,2563,5077,12575
-47.2,28,64,128,232,478,1293,2599,5080,12602
-47.1,21,45,123,237,484,1207,2467,5139,12748
-47,21,50,110,259,488,1203,2491,4990,12735
-46.9,30,55,112,272,477,1254,2536,5045,12707
-46.8,30,48,118,239,460,1282,2541,5065,12522
-46.7,22,52,122,277,518,1296,2501,5093,12810
-46.6,29,46,126,288,471,1242,2544,5054,12599
-46.5,19,52,123,282,476,1213,2555,5095,12821
-46.4,28,44,111,238,463,1266,2549,5081,12586
-46.3,16,45,136,221,458,1259,2521,5116,12748
-46.2,25,56,127,268,471,1240,2380,5129,12793
-46.1,21,59,122,248,496,1264,2511,5109,12606
-46,25,36,136,244,472,1205,2571,5215,12799
-45.9,24,42,114,284,479,1271,2488,5183,12667
-45.8,32,53,118,257,471,1253,2506,5050,12768
-45.7,26,59,153,265,456,1270,2540,5166,12725
-45.6,29,62,121,231,488,1264,2477,5033,12728
-45.5,27,41,140,264,454,1209,2541,5208,12635
-45.4,28,47,118,244,535,1333,2520,5069,12423
-45.3,26,40,139,238,548,1249,2576,5008,12622
-45.2,20,27,109,267,519,1243,2505,5026,12425
-45.1,30,48,129,253,491,1254,2625,4942,12423
-45,22,47,132,262,486,1218,2621,5101,12617
-44.9,20,40,127,236,489,1275,2436,5147,12529
-44.8,35,45,132,234,482,1283,2424,4995,12519
-44.7,22,51,129,263,500,1279,2518,5077,12700
-44.6,26,43,134,249,441,1213,2496,5061,12622
-44.5,35,51,147,245,496,1175,2575,5181,12742
-44.4,31,40,139,264,513,1201,2529,5143,12803
-44.3,28,53,122,256,509,1261,2512,5075,12586
-44.2,27,54,125,241,491,1239,2480,5042,12655
-44.1,11,48,143,276,545,1288,2471,5172,12760
-44,18,50,131,245,533,1310,2549,5128,12775
-43.9,20,48,121,271,497,1245,2560,5126,12604
-43.8,27,55,125,250,523,1243,2462,5034,12756
-43.7,18,58,124,268,544,1255,2473,5143,12807
-43.6,24,40,121,269,537,1271,2486,5062,12676
-43.5,30,65,115,272,480,1224,2539,5080,12603
-43.4,28,56,123,249,543,1253,2488,5074,12840
-43.3,24,42,118,265,500,1220,2377,5116,12525
-43.2,16,59,132,271,507,1255,2516,5106,12627
-43.1,23,55,134,272,491,1290,2492,5045,12576
-43,19,54,130,255,426,1254,2513,5054,12589
-42.9,20,51,144,248,447,1227,2457,5109,12576
-42.8,25,46,119,272,457,1300,2516,5137,12691
-42.7,31,46,150,258,499,1300,2538,5090,12787
-42.6,21,49,141,258,506,1313,2531,5047,12696
-42.5,18,38,132,265,520,1253,2497,5095,12748
-42.4,28,49,117,294,496,1192,2588,5041,12576
-42.3,26,63,122,293,509,1295,2615,5119,12749
-42.2,33,49,149,254,474,1266,2599,5219,12845
-42.1,24,52,119,272,500,1228,2474,5097,12811
-42,25,58,133,265,528,1199,2516,5226,12731
-41.9,32,47,124,259,499,1290,2473,5081,12624
-41.8,25,54,144,252,521,1208,2517,5224,12840
-41.7,27,47,126,249,511,1262,2535,5215,12758
-41.6,22,40,110,244,514,1262,2462,5057,12786
-41.5,26,56,150,251,492,1322,2489,5199,12646
-41.4,26,63,131,246,484,1261,2485,5132,12744
-41.3,26,49,122,295,466,1280,2541,5181,12933
-41.2,22,44,140,254,495,1315,2590,5063,12718
-41.1,28,49,125,251,500,1244,2520,5102,12966
-41,19,53,123,232,507,1242,2479,5068,12601
-40.9,26,44,148,238,484,1279,2573,5115,12780
-40.8,26,54,138,270,472,1192,2458,5102,12981
-40.7,27,44,119,271,497,1282,2498,5152,12830
-40.6,27,53,116,266,515,1276,2544,4997,12920
-40.5,25,39,129,293,530,1273,2595,5190,12889
-40.4,29,46,130,270,478,1292,2580,5033,12955
-40.3,23,48,129,255,558,1212,2539,5158,12867
-40.2,27,62,140,239,518,1255,2553,5145,12939
-40.1,22,50,141,272,532,1259,2621,5157,12776
-40,26,59,132,236,521,1275,2577,5221,12844
-39.9,27,41,126,231,498,1293,2605,5122,13126
-39.8,34,49,152,286,485,1262,2636,5151,12962
-39.7,20,50,123,277,494,1318,2578,5175,12946
-39.6,25,42,124,260,518,1283,2476,5258,13025
-39.5,23,57,118,289,514,1302,2584,5182,13022
-39.4,40,45,126,260,539,1269,2497,5170,12858
-39.3,28,42,115,261,537,1275,2530,5213,12763
-39.2,29,70,124,267,475,1374,2540,5104,12685
-39.1,23,57,124,260,512,1306,2691,5189,12913
-39,35,47,121,270,503,1302,2534,5333,13088
-38.9,30,46,137,266,521,1274,2538,5284,13004
-38.8,27,46,124,262,491,1289,2521,5210,13006
-38.7,17,52,150,233,479,1254,2577,5311,13012
-38.6,22,37,107,268,541,1263,2675,5189,13055
-38.5,16,52,116,261,531,1263,2612,5200,12967
-38.4,25,45,122,299,506,1210,2626,5202,13037
-38.3,34,57,138,244,502,1240,2572,5199,12876
-38.2,29,52,123,291,539,1311,2624,5060,12719
-38.1,26,44,133,248,515,1260,2512,5293,13014
-38,34,47,117,252,508,1275,2612,5119,12849
-37.9,25,52,121,248,519,1278,2465,5123,12793
-37.8,32,46,117,267,490,1282,2618,5103,12948
-37.7,37,52,141,247,508,1244,2508,5209,12954
-37.6,27,43,142,269,475,1224,2511,5291,12864
-37.5,20,58,153,244,532,1275,2538,5109,12988
-37.4,22,71,134,262,490,1270,2631,5192,12781
-37.3,21,45,118,243,486,1301,2533,5115,12786
-37.2,27,59,140,240,505,1292,2566,5091,12730
-37.1,26,61,128,244,512,1353,2492,5163,12822
-37,25,51,136,278,514,1287,2588,5352,13136
-36.9,24,48,134,262,507,1202,2521,5179,12895
-36.8,26,50,129,272,501,1246,2547,5282,13013
-36.7,25,53,122,289,479,1320,2623,5145,12752
-36.6,21,44,119,275,529,1312,2559,5280,13085
-36.5,20,46,130,255,521,1230,2626,5239,12816
-36.4,20,47,128,256,514,1220,2539,5214,12885
-36.3,27,59,137,262,501,1246,2602,5212,12859
-36.2,32,44,105,260,459,1270,2635,5175,12698
-36.1,28,55,163,277,494,1256,2557,5022,12874
-36,21,51,127,250,534,1304,2611,5310,12814
-35.9,18,45,126,277,461,1275,2537,5173,12930
-35.8,21,58,142,250,490,1364,2550,5161,12706
-35.7,27,49,129,262,515,1249,2533,5243,12976
-35.6,32,59,136,261,484,1283,2524,5206,12773
-35.5,25,43,125,288,511,1264,2507,5127,12997
-35.4,33,48,151,223,518,1299,2575,5125,13136
-35.3,27,39,115,259,486,1309,2542,5041,12922
-35.2,29,59,127,258,517,1256,2682,5069,12893
-35.1,36,48,127,247,540,1294,2616,5134,12855
-35,27,51,128,260,477,1316,2550,5283,12689
-34.9,19,58,132,267,482,1262,2525,5169,12798
-34.8,27,59,113,245,545,1305,2573,5217,12824
-34.7,26,53,139,242,507,1194,2539,5221,13011
-34.6,22,55,121,251,488,1268,2603,5221,12890
-34.5,27,40,122,262,486,1284,2527,5320,12908
-34.4,31,45,107,270,490,1306,2592,5074,12837
-34.3,27,60,122,241,493,1245,2559,5183,12926
-34.2,24,56,132,248,468,1227,2546,5284,13111
-34.1,23,56,138,276,561,1301,2616,5190,12966
-34,28,55,135,254,513,1251,2499,5245,12878
-33.9,23,60,120,279,544,1299,2625,5321,13105
-33.8,23,48,143,288,508,1303,2649,5252,13016
-33.7,20,47,129,290,498,1282,2589,5305,12732
-33.6,26,51,121,285,491,1244,2683,5352,12860
-33.5,26,60,117,254,519,1296,2589,5176,12730
-33.4,25,51,118,259,482,1362,2626,5287,12847
-33.3,33,46,131,258,504,1254,2569,5198,12884
-33.2,29,51,139,248,505,1336,2557,5372,12693
-33.1,21,53,132,269,472,1309,2501,5205,12531
-33,30,49,125,272,512,1219,2638,5132,12767
-32.9,25,53,141,274,484,1289,2548,5269,12804
-32.8,33,49,134,255,525,1221,2521,5246,12950
-32.7,25,39,109,263,494,1298,2472,5274,12957
-32.6,24,64,149,275,484,1287,2453,5148,12990
-32.5,39,42,132,222,501,1242,2468,5130,12820
-32.4,21,56,126,248,495,1314,2565,5156,12763
-32.3,39,54,134,230,533,1272,2644,5167,12911
-32.2,15,62,138,236,518,1258,2554,5137,12770
-32.1,30,53,130,249,489,1290,2543,5329,12854
-32,23,56,116,262,508,1254,2562,5232,12898
-31.9,29,36,121,260,505,1371,2604,5115,12861
-31.8,23,54,130,296,478,1320,2622,5167,12977
-31.7,21,30,115,273,495,1309,2500,5242,13025
-31.6,24,43,126,248,519,1325,2567,5191,12743
-31.5,29,51,120,233,487,1277,2509,5138,12921
-31.4,31,60,116,227,510,1311,2589,5165,12946
-31.3,18,46,104,286,508,1299,2584,5276,12861
-31.2,31,56,124,296,495,1328,2492,5369,12774
-31.1,27,55,118,268,523,1233,2483,5065,12946
-31,37,51,149,249,537,1290,2502,5118,12795
-30.9,24,54,133,252,494,1261,2578,5112,12944
-30.8,28,57,145,242,512,1221,2580,5084,12735
-30.7,21,58,130,304,499,1189,2667,5186,13046
-30.6,19,49,148,227,501,1301,2485,5144,12817
-30.5,21,50,112,267,519,1232,2473,5060,12895
-30.4,25,45,125,248,512,1268,2588,5100,12644
-30.3,30,49,146,270,563,1265,2605,5121,12885
-30.2,15,54,130,258,493,1258,2636,5135,12969
-30.1,26,54,149,239,501,1288,2591,5191,12617
-30,27,56,125,244,474,1263,2526,5262,12816
-29.9,21,62,131,260,511,1314,2449,5157,12713
-29.8,25,71,143,278,492,1196,2521,5068,12836
-29.7,24,58,138,263,479,1312,2576,5090,12877
-29.6,32,38,132,294,512,1249,2548,5167,12761
-29.5,24,45,118,242,487,1253,2526,5314,12839
-29.4,22,39,143,245,489,1226,2605,5236,12800
-29.3,33,50,113,255,554,1259,2501,5156,12860
-29.2,24,58,144,253,504,1306,2444,5189,12821
-29.1,21,50,127,282,454,1260,2466,5218,12677
-29,18,61,120,271,502,1290,2551,5181,12955
-28.9,26,55,134,251,476,1263,2509,5197,12960
-28.8,25,64,133,246,515,1291,2622,5261,12976
-28.7,22,52,104,257,497,1244,2492,5090,12739
-28.6,26,55,130,271,494,1269,2550,5185,12826
-28.5,37,53,130,238,474,1237,2577,5286,13249
-28.4,29,53,120,262,503,1314,2558,5095,12982
-28.3,27,58,137,254,502,1225,2540,5191,12838
-28.2,27,55,143,276,498,1243,2578,5196,12858
-28.1,26,38,134,253,480,1284,2628,5216,13123
-28,20,57,123,266,483,1299,2569,5128,12840
-27.9,27,59,129,274,547,1264,2533,5155,13062
-27.8,23,49,124,256,498,1300,2411,5181,12998
-27.7,24,65,112,238,497,1269,2554,5071,12927
-27.6,18,49,148,265,518,1298,2543,5267,12848
-27.5,26,44,131,260,511,1300,2541,5201,12851
-27.4,27,61,151,263,531,1191,2525,5276,12931
-27.3,19,43,134,232,522,1244,2577,5196,12894
-27.2,31,55,138,255,515,1239,2514,5160,13105
-27.1,29,45,152,261,538,1221,2491,5307,13225
-27,31,46,119,275,518,1275,2493,5090,13026
-26.9,22,31,132,282,506,1253,2523,5300,12744
-26.8,20,39,144,243,504,1320,2527,5078,12955
-26.7,24,61,136,248,502,1319,2714,5145,13059
-26.6,19,45,125,261,478,1329,2571,5182,13156
-26.5,28,59,124,275,505,1305,2605,5313,13186
-26.4,26,52,129,262,536,1265,2478,5282,12945
-26.3,21,70,129,279,504,1233,2582,5180,12925
-26.2,23,34,132,263,512,1255,2569,5084,12780
-26.1,35,49,120,264,495,1256,2512,5149,12886
-26,26,50,134,283,512,1310,2526,5058,12775
-25.9,32,54,149,235,539,1232,2529,5151,12945
-25.8,21,41,135,259,496,1249,2368,5101,12755
-25.7,22,54,132,241,505,1261,2564,5055,12824
-25.6,23,59,145,254,473,1305,2518,5045,12946
-25.5,28,44,113,242,493,1205,2593,5193,12951
-25.4,38,56,126,232,516,1284,2535,5118,12769
-25.3,25,57,110,291,485,1253,2573,5214,13120
-25.2,26,54,124,267,492,1229,2515,5325,12975
-25.1,27,43,123,255,488,1257,2549,5172,13095
-25,19,57,141,296,474,1346,2506,5213,13002
-24.9,20,49,113,241,479,1246,2558,5298,12759
-24.8,28,53,127,265,496,1216,2502,5414,13015
-24.7,17,54,111,252,476,1303,2656,5193,12777
-24.6,21,65,124,233,490,1252,2605,5175,12952
-24.5,28,54,122,266,478,1304,2493,5137,12650
-24.4,25,46,121,226,497,1287,2532,5090,12931
-24.3,27,44,141,249,517,1247,2503,5030,12875
-24.2,36,58,132,243,509,1277,2539,5156,12812
-24.1,25,50,118,241,517,1297,2597,5097,12809
-24,34,37,121,261,482,1227,2416,5172,12769
-23.9,23,49,134,225,464,1255,2516,5070,12957
-23.8,24,44,122,264,478,1269,2569,5267,12833
-23.7,11,47,145,259,501,1296,2509,5230,12805
-23.6,28,52,124,252,512,1291,2591,5325,13152
-23.5,28,56,131,267,529,1224,2581,5227,12931
-23.4,20,51,110,288,465,1298,2565,5316,12981
-23.3,25,51,122,257,478,1246,2555,5122,12802
-23.2,30,59,110,273,508,1243,2632,5179,12858
-23.1,16,40,120,265,491,1341,2531,5214,12814
-23,30,49,136,243,484,1261,2614,5121,12916
-22.9,17,52,147,260,488,1253,2532,5296,12809
-22.8,41,52,108,260,544,1306,2485,5110,12835
-22.7,36,49,133,285,482,1280,2594,5062,12722
-22.6,32,42,126,273,506,1297,2609,5334,12876
-22.5,36,53,118,248,500,1235,2596,5352,13002
-22.4,20,53,117,265,496,1310,2548,5200,12906
-22.3,30,55,130,258,475,1335,2537,5209,12904
-22.2,17,50,122,286,486,1327,2543,5173,12970
-22.1,29,36,117,272,526,1328,2630,5232,13035
-22,30,50,141,270,497,1331,2562,5219,13162
-21.9,29,73,138,274,521,1325,2635,5217,12691
-21.8,20,58,130,274,481,1240,2511,5209,12992
-21.7,31,67,123,268,466,1242,2499,5149,13214
-21.6,28,47,153,239,484,1292,2588,5238,12944
-21.5,33,65,116,269,506,1303,2565,5226,13186
-21.4,29,62,120,257,483,1288,2566,5263,13014
-21.3,20,52,149,264,524,1322,2498,5332,12875
-21.2,30,50,136,283,496,1222,2550,5226,12862
-21.1,29,69,155,245,507,1261,2594,5132,13017
-21,24,51,133,256,522,1299,2509,5213,13096
-20.9,20,60,133,272,517,1240,2467,5136,12977
-20.8,22,50,126,232,471,1240,2559,5157,12884
-20.7,21,48,121,235,500,1222,2613,5194,12985
-20.6,29,56,113,255,511,1285,2521,5214,12897
-20.5,27,61,131,280,486,1312,2518,5150,12954
-20.4,20,55,115,271,514,1349,2562,5170,12759
-20.3,27,55,118,270,471,1256,2604,5159,12823
-20.2,25,53,121,275,512,1344,2580,5066,13011
-20.1,34,52,133,219,491,1322,2655,5240,12991
-20,21,57,116,270,559,1215,2569,5283,12965
-19.9,27,57,141,280,497,1287,2573,5342,13082
-19.8,29,49,140,281,512,1338,2595,5164,12979
-19.7,27,57,126,263,525,1308,2633,5129,13012
-19.6,32,62,136,261,455,1358,2534,5200,12911
-19.5,35,51,135,243,496,1258,2624,5198,12982
-19.4,27,42,122,264,506,1369,2556,5193,13034
-19.3,27,57,130,237,511,1236,2506,5274,12771
-19.2,31,55,146,260,518,1195,2546,5206,12983
-19.1,28,49,126,253,505,1358,2563,5148,12839
-19,33,48,127,249,504,1291,2680,5197,13060
-18.9,34,56,121,246,513,1220,2588,5114,12867
-18.8,18,41,103,273,491,1287,2473,5202,12960
-18.7,31,55,124,259,526,1314,2583,5101,12898
-18.6,30,62,125,258,493,1253,2552,5106,12957
-18.5,33,51,129,254,512,1324,2538,5244,12796
-18.4,31,41,116,260,484,1270,2499,5101,12667
-18.3,27,47,120,279,504,1261,2504,5111,13064
-18.2,25,42,121,270,520,1228,2462,5187,12833
-18.1,30,46,162,271,510,1222,2603,5204,12838
-18,33,52,140,280,546,1368,2584,5228,12987
-17.9,28,50,116,251,503,1279,2529,5291,13083
-17.8,36,64,121,279,496,1194,2564,5168,13109
-17.7,28,56,139,239,545,1272,2521,5200,13027
-17.6,21,48,137,252,523,1231,2515,5284,13004
-17.5,21,58,122,266,519,1252,2632,5137,13046
-17.4,24,42,128,253,514,1305,2539,5168,12881
-17.3,24,45,116,259,475,1317,2613,5121,12808
-17.2,22,44,127,283,483,1285,2555,5282,12917
-17.1,28,48,120,268,501,1326,2583,5207,12896
-17,26,46,141,278,460,1356,2467,5057,12685
-16.9,24,48,125,255,468,1249,2514,5067,12874
-16.8,28,59,153,275,493,1244,2608,5196,12900
-16.7,29,54,118,257,459,1324,2603,5143,12953
-16.6,22,41,130,287,490,1293,2577,5332,12994
-16.5,24,40,143,250,513,1276,2493,5222,12873
-16.4,29,53,134,281,532,1330,2627,5266,12960
-16.3,23,48,124,249,517,1289,2577,5200,12944
-16.2,30,54,148,289,501,1287,2573,5402,12995
-16.1,44,45,128,256,503,1305,2568,5159,13080
-16,26,64,145,256,474,1266,2616,5256,13101
-15.9,22,57,102,269,495,1250,2568,5266,12930
-15.8,32,52,143,261,485,1347,2555,5314,13006
-15.7,26,46,114,252,521,1275,2560,5192,12981
-15.6,26,53,143,259,537,1300,2598,5173,13033
-15.5,28,52,137,262,517,1325,2577,5202,13069
-15.4,27,54,130,267,504,1297,2600,5371,12826
-15.3,26,56,156,243,534,1259,2624,5151,12918
-15.2,34,60,135,275,516,1282,2589,5254,13076
-15.1,22,46,138,252,539,1268,2555,5131,12791
-15,27,51,134,256,514,1301,2567,5333,12998
-14.9,37,47,116,263,535,1304,2628,5334,13243
-14.8,27,58,130,242,487,1286,2668,5265,13137
-14.7,22,59,153,266,500,1289,2629,5409,13096
-14.6,23,57,107,238,508,1297,2544,5079,13240
-14.5,22,52,146,271,563,1330,2652,5270,13125
-14.4,31,58,142,276,517,1306,2497,5201,12867
-14.3,27,41,118,275,538,1286,2511,5258,13102
-14.2,17,54,135,265,525,1318,2574,5299,13110
-14.1,28,49,130,267,557,1315,2604,5213,13114
-14,31,50,132,255,492,1300,2595,5235,13186
-13.9,33,57,137,257,527,1246,2628,5180,12927
-13.8,28,51,138,230,502,1285,2541,5193,12940
-13.7,29,46,121,251,505,1291,2528,5205,13128
-13.6,22,54,145,266,498,1311,2557,5413,13046
-13.5,31,59,142,261,493,1319,2512,5281,13041
-13.4,30,54,145,259,458,1326,2587,5220,12976
-13.3,27,48,140,242,519,1340,2551,5265,13123
-13.2,22,53,131,293,453,1361,2620,5166,13061
-13.1,27,55,128,258,490,1270,2620,5108,12998
-13,38,44,131,284,525,1331,2535,5216,12926
-12.9,22,51,107,266,520,1284,2563,5047,12936
-12.8,19,49,103,293,539,1248,2613,5253,13021
-12.7,22,54,144,276,519,1332,2513,5182,12841
-12.6,23,38,117,255,509,1252,2531,5225,13015
-12.5,28,63,123,235,499,1271,2572,5089,12983
-12.4,28,63,136,266,510,1277,2494,5172,12788
-12.3,21,52,124,259,513,1317,2683,5285,12847
-12.2,26,43,131,247,455,1303,2592,5188,13143
-12.1,21,58,135,279,514,1320,2569,5093,12797
-12,14,44,132,281,496,1269,2532,5193,13003
-11.9,32,45,132,265,478,1267,2606,5318,12976
-11.8,21,48,154,235,486,1301,2581,5231,13155
-11.7,19,54,154,258,482,1294,2528,5211,12988
-11.6,20,42,150,264,493,1252,2448,5205,12846
-11.5,21,51,137,273,510,1308,2507,5123,12846
-11.4,24,38,126,274,512,1321,2497,5133,12805
-11.3,19,60,132,270,498,1258,2572,5220,12786
-11.2,29,55,125,265,489,1338,2520,5140,12661
-11.1,31,51,101,276,496,1278,2483,5232,12649
-11,26,55,127,273,510,1283,2570,4972,13104
-10.9,32,47,144,250,543,1224,2492,5049,12732
-10.8,24,54,144,255,500,1213,2558,5162,12827
-10.7,23,38,145,252,433,1236,2513,5122,12776
-10.6,25,47,106,256,511,1234,2566,5051,12908
-10.5,23,42,132,244,488,1262,2526,5145,12774
-10.4,20,37,135,243,522,1257,2479,5010,12430
-10.3,27,54,132,259,486,1211,2501,5042,12940
-10.2,24,45,144,267,535,1276,2535,4959,12845
-10.1,21,52,149,236,503,1223,2522,5206,12619
-10,23,49,116,262,505,1296,2461,5096,12578
-9.9,27,52,129,253,470,1185,2497,5163,12893
-9.8,26,47,147,258,497,1250,2448,5039,12680
-9.7,21,48,101,262,505,1237,2504,5165,12858
-9.6,15,66,141,260,519,1270,2495,5125,12770
-9.5,28,54,118,260,515,1269,2590,5077,12700
-9.4,23,42,106,244,446,1283,2492,5022,12769
-9.3,23,36,130,263,492,1293,2460,5167,12591
-9.2,21,36,106,283,457,1197,2528,5080,12536
-9.1,26,51,144,263,533,1233,2611,5015,12455
-9,27,49,123,262,526,1238,2559,5139,12607
-8.9,24,57,125,259,499,1256,2560,5137,12661
-8.8,28,35,108,250,543,1227,2516,5099,12694
-8.7,29,77,109,259,520,1299,2494,5267,12546
-8.6,32,58,140,258,497,1262,2628,5093,12975
-8.5,34,49,156,243,494,1331,2544,5156,12882
-8.4,25,54,127,266,471,1322,2510,5068,12968
-8.3,17,53,132,255,437,1247,2457,5243,12620
-8.2,33,63,112,253,517,1285,2507,5137,12919
-8.1,25,50,147,270,522,1199,2595,5225,12906
-8,22,53,137,276,505,1216,2550,5084,12799
-7.9,25,39,128,248,458,1237,2586,5253,12905
-7.8,37,48,123,251,458,1260,2532,5155,12841
-7.7,34,53,132,242,483,1272,2435,5147,12837
-7.6,24,52,130,241,508,1285,2582,5108,12800
-7.5,25,50,126,266,503,1315,2552,5087,12717
-7.4,33,50,149,282,477,1249,2549,5165,12721
-7.3,24,51,129,257,492,1204,2544,5234,12835
-7.2,28,50,113,274,526,1254,2599,5300,13087
-7.1,20,54,143,283,472,1204,2434,5202,12931
-7,28,41,141,281,501,1285,2494,5082,12796
-6.9,25,61,133,247,492,1309,2573,5208,12871
-6.8,27,48,140,277,528,1302,2491,5171,13026
-6.7,29,49,135,236,491,1252,2568,5300,13068
-6.6,21,45,125,249,488,1261,2534,5159,12838
-6.5,22,49,109,246,495,1272,2528,5130,12914
-6.4,21,58,138,275,537,1256,2502,5105,12599
-6.3,26,50,135,272,542,1276,2625,5160,12696
-6.2,24,52,126,273,479,1296,2521,5054,12837
-6.1,22,45,115,253,463,1266,2552,5074,12834
-6,31,48,107,282,476,1238,2522,5171,12683
-5.9,25,52,114,268,533,1296,2497,5161,12651
-5.8,19,51,135,283,499,1264,2459,5149,12557
-5.7,32,56,109,247,477,1284,2518,5169,12899
-5.6,32,53,135,246,479,1250,2487,5224,12831
-5.5,20,51,115,236,505,1191,2522,5162,12503
-5.4,24,45,129,237,516,1275,2556,5190,12568
-5.3,24,51,118,229,498,1266,2505,5168,12827
-5.2,15,53,144,254,485,1219,2546,5063,13004
-5.1,23,61,127,267,493,1219,2542,5095,12773
-5,26,46,114,257,529,1290,2546,5301,12814
-4.9,30,39,143,242,494,1197,2466,5167,12795
-4.8,25,52,113,268,479,1283,2497,5037,12773
-4.7,26,66,123,237,478,1250,2568,5085,12885
-4.6,20,47,158,265,495,1276,2503,5190,12779
-4.5,29,45,124,266,536,1310,2565,5235,13234
-4.4,26,44,126,264,500,1295,2553,5257,12569
-4.3,15,53,126,261,544,1260,2493,5248,12950
-4.2,31,49,117,287,478,1282,2449,5150,12939
-4.1,35,36,140,253,437,1251,2588,5157,12831
-4,22,39,122,237,511,1275,2561,5126,12763
-3.9,26,50,154,240,490,1254,2517,5259,12825
-3.8,31,48,109,260,529,1195,2576,5070,12649
-3.7,21,48,126,259,488,1244,2576,5179,13027
-3.6,36,51,118,240,522,1257,2554,5206,12918
-3.5,29,62,124,247,488,1260,2465,5222,12961
-3.4,27,61,136,280,527,1220,2456,5189,12746
-3.3,30,61,129,267,497,1317,2603,5278,13052
-3.2,25,52,134,256,529,1289,2634,5298,13028
-3.1,29,51,136,252,518,1280,2513,5273,12959
-3,22,50,124,265,471,1268,2553,5229,12965
-2.9,24,56,123,273,522,1258,2580,5082,13006
-2.8,27,61,131,263,499,1336,2547,5131,12966
-2.7,27,55,103,279,519,1316,2564,5138,12989
-2.6,25,63,118,243,515,1366,2597,5086,13011
-2.5,34,59,111,253,512,1278,2556,5208,12804
-2.4,23,38,115,284,501,1251,2661,5356,13130
-2.3,23,51,130,252,495,1266,2517,5264,13250
-2.2,20,60,127,268,500,1238,2541,5256,13155
-2.1,25,60,140,253,519,1320,2658,5268,13104
-2,25,61,124,261,553,1311,2633,5320,13056
-1.9,30,46,119,296,479,1296,2509,5157,13242
-1.8,22,58,120,265,537,1287,2642,5284,13120
-1.7,26,56,132,250,489,1316,2553,5200,13250
-1.6,20,58,126,280,523,1239,2651,5321,13188
-1.5,27,51,143,276,533,1314,2645,5230,13446
-1.4,28,49,121,270,528,1315,2636,5220,13424
-1.3,21,52,115,281,520,1267,2576,5153,13129
-1.2,28,43,136,281,551,1281,2643,5496,13299
-1.1,30,60,132,238,467,1332,2601,5331,13485
-1,21,41,141,259,522,1266,2670,5281,13235
-0.9,19,54,126,275,509,1329,2684,5322,13274
-0.8,25,60,144,262,522,1330,2701,5381,13412
-0.7,27,49,131,274,542,1301,2606,5405,13584
-0.6,20,54,127,277,582,1289,2679,5588,13736
-0.5,14,67,126,296,554,1336,2593,5408,13578
-0.4,33,46,156,292,499,1343,2688,5453,13493
-0.3,24,43,124,282,537,1365,2767,5577,13662
-0.2,31,56,127,286,511,1335,2638,5475,13663
-0.1,25,55,144,278,539,1391,2726,5499,13771
0,30,56,144,253,532,1349,2783,5612,13509
0.1,30,54,144,267,540,1356,2712,5450,13542
0.2,17,57,147,309,552,1335,2642,5503,13706
0.3,29,60,123,298,512,1358,2763,5441,13897
0.4,32,54,138,292,517,1389,2691,5328,13756
0.5,15,55,137,279,493,1349,2695,5497,13644
0.6,22,41,136,271,517,1295,2734,5472,13634
0.7,25,51,130,271,548,1338,2723,5504,13557
0.8,28,77,129,254,479,1295,2832,5393,13418
0.9,21,55,162,270,483,1332,2712,5407,13546
1,19,54,146,284,504,1332,2652,5549,13555
1.1,26,46,145,251,546,1380,2737,5467,13560
1.2,21,62,147,296,534,1312,2731,5495,13513
1.3,20,42,136,259,505,1376,2603,5527,13541
1.4,27,55,131,313,527,1359,2701,5402,13300
1.5,28,71,129,301,507,1352,2735,5435,13661
1.6,16,67,144,297,538,1336,2661,5527,13459
1.7,38,52,137,262,502,1341,2626,5472,13394
1.8,24,55,121,259,550,1347,2687,5487,13329
1.9,23,51,136,266,536,1305,2584,5468,13331
2,21,36,125,292,528,1312,2595,5273,13298
2.1,16,48,145,262,558,1252,2704,5299,13404
2.2,20,76,133,270,484,1306,2577,5273,13199
2.3,26,49,143,256,506,1258,2585,5392,13298
2.4,28,50,125,296,545,1276,2535,5351,13105
2.5,29,63,117,270,491,1303,2663,5318,13020
2.6,24,64,151,269,545,1326,2640,5317,13293
2.7,35,59,141,266,522,1362,2557,5404,13429
2.8,25,56,115,239,502,1280,2571,5345,13243
2.9,26,55,133,272,524,1310,2591,5235,12951
3,24,56,109,244,537,1287,2522,5328,13229
3.1,20,55,129,259,511,1377,2719,5235,12981
3.2,31,54,121,266,519,1332,2534,5148,13057
3.3,31,49,134,243,478,1263,2634,5154,12858
3.4,16,43,134,250,559,1312,2631,5149,13119
3.5,26,62,129,259,471,1321,2666,5238,13051
3.6,32,70,147,272,515,1305,2648,5245,12931
3.7,39,48,140,292,525,1325,2555,5243,12970
3.8,34,61,137,253,502,1272,2546,5200,13018
3.9,38,55,142,263,537,1288,2554,5250,13224
4,18,53,116,263,495,1282,2608,5168,12932
4.1,30,53,136,261,537,1291,2502,5183,12980
4.2,21,54,136,284,507,1254,2536,5104,12987
4.3,23,59,128,280,491,1266,2638,5169,13096
4.4,29,46,129,259,472,1281,2600,5238,13008
4.5,27,53,124,231,508,1251,2537,5218,12997
4.6,25,53,128,251,510,1260,2549,5240,12991
4.7,32,48,140,256,487,1316,2517,5226,12822
4.8,31,70,130,255,443,1277,2576,5158,12648
4.9,29,48,129,235,502,1248,2625,5250,12980
5,17,62,112,258,498,1275,2515,5126,13036
5.1,24,57,128,245,521,1308,2560,5273,12867
5.2,31,49,119,285,510,1234,2611,5151,12875
5.3,18,49,153,254,514,1255,2599,5169,12799
5.4,22,49,116,261,514,1304,2582,5213,12869
5.5,30,49,143,301,482,1262,2534,5204,12962
5.6,25,45,123,238,519,1269,2610,5144,12765
5.7,23,43,136,256,472,1253,2566,5338,12993
5.8,33,59,138,253,542,1319,2459,5207,12874
5.9,29,60,120,264,468,1333,2570,5214,13060
6,26,46,131,258,499,1306,2658,5319,12974
6.1,27,43,152,265,543,1261,2610,5116,12910
6.2,21,48,143,280,514,1295,2615,5261,12877
6.3,30,53,142,288,486,1223,2543,5170,12893
6.4,22,50,145,269,513,1245,2469,5019,13019
6.5,24,45,126,287,477,1262,2561,5184,12572
6.6,21,48,125,263,541,1296,2563,5051,12719
6.7,13,35,114,276,502,1267,2522,5098,12782
6.8,26,50,144,265,507,1274,2508,5175,13086
6.9,31,64,129,276,473,1285,2566,5121,13061
7,25,54,121,268,477,1253,2535,5229,12825
7.1,29,47,131,312,490,1229,2454,5181,13278
7.2,27,39,123,253,426,1286,2555,5253,12925
7.3,25,39,121,264,514,1228,2557,5278,13066
7.4,27,34,123,259,536,1288,2449,5232,13101
7.5,21,41,153,272,523,1221,2510,5064,12821
7.6,26,49,114,255,518,1272,2479,5231,13045
7.7,31,63,138,255,520,1237,2588,5230,12667
7.8,19,59,119,261,561,1356,2601,5126,12662
7.9,34,50,128,263,522,1238,2533,5124,12810
8,24,49,125,237,532,1269,2533,5232,12879
8.1,16,62,115,274,506,1239,2611,5197,12830
8.2,32,54,113,250,532,1276,2602,5168,12883
8.3,28,51,144,249,532,1197,2626,5164,12811
8.4,20,41,118,224,488,1244,2497,5249,12969
8.5,27,49,116,252,514,1290,2515,5224,12790
8.6,15,35,140,273,503,1295,2627,5052,13043
8.7,33,60,122,263,491,1287,2489,5065,12834
8.8,30,51,133,283,527,1251,2558,5152,12774
8.9,28,59,129,275,493,1234,2503,5439,13013
9,26,50,136,265,530,1231,2544,5140,12776
9.1,22,47,121,250,536,1301,2488,5201,12915
9.2,34,51,150,273,491,1252,2616,5143,12567
9.3,22,44,121,275,489,1248,2522,5131,12749
9.4,31,52,138,274,486,1274,2566,5214,12937
9.5,25,46,120,210,519,1278,2544,5200,12815
9.6,34,54,121,241,507,1190,2569,5066,12671
9.7,23,37,150,249,504,1290,2453,5113,12874
9.8,25,61,131,249,463,1295,2611,4953,12674
9.9,28,59,126,245,518,1252,2411,5055,12685
10,25,47,149,261,545,1224,2518,5059,12538
10.1,30,71,128,252,467,1194,2527,5098,12799
10.2,28,58,120,231,483,1235,2420,5050,12716
10.3,19,58,127,252,407,1250,2471,5037,12694
10.4,30,45,144,273,505,1286,2402,5024,12642
10.5,31,60,112,247,475,1302,2413,5059,12684
10.6,24,48,131,263,500,1236,2477,5107,12627
10.7,34,37,127,231,484,1290,2512,5002,12680
10.8,28,55,123,265,488,1206,2465,5108,12728
10.9,27,57,140,251,496,1232,2470,4946,12814
11,33,60,131,252,466,1257,2450,5085,12753
11.1,24,59,131,249,459,1224,2495,5117,12667
11.2,27,52,114,251,501,1222,2460,5101,12649
11.3,25,45,120,255,457,1207,2393,4992,12504
11.4,26,44,134,246,497,1206,2480,5061,12581
11.5,21,52,150,234,424,1282,2548,5040,12466
11.6,29,60,134,278,459,1260,2478,4824,12431
11.7,21,46,135,272,476,1243,2438,5222,12504
11.8,26,41,109,244,462,1228,2437,5011,12649
11.9,22,43,125,266,481,1211,2563,5001,12558
12,20,45,122,270,526,1237,2555,5096,12442
12.1,21,43,120,231,509,1184,2502,4890,12384
12.2,30,60,125,264,451,1251,2526,4951,12416
12.3,25,56,113,266,494,1194,2320,4993,12399
12.4,20,49,122,241,476,1163,2391,5040,12391
12.5,27,47,123,261,505,1198,2364,4988,12470
12.6,26,51,113,254,488,1206,2396,4944,12255
12.7,24,50,115,238,456,1225,2445,4857,12123
12.8,22,51,131,243,487,1213,2444,5074,12198
12.9,27,50,116,259,490,1193,2374,4804,12174
13,25,41,118,237,466,1159,2410,4871,12165
13.1,24,46,111,237,461,1190,2423,4834,12192
13.2,26,35,103,244,453,1173,2376,4769,12038
13.3,26,52,106,255,484,1209,2339,4953,11912
13.4,21,56,124,249,474,1216,2339,4795,11987
13.5,20,51,120,229,486,1148,2385,4695,12001
13.6,29,60,96,270,435,1166,2302,4816,11822
13.7,20,56,114,218,445,1147,2389,4761,11769
13.8,21,43,102,252,441,1203,2353,4717,11582
13.9,25,43,108,232,444,1123,2251,4624,11593
14,27,43,113,234,451,1150,2236,4736,11503
14.1,18,49,113,225,442,1101,2282,4691,11391
14.2,29,37,119,244,445,1067,2287,4590,11134
14.3,23,40,109,218,458,1074,2189,4460,11151
14.4,23,49,122,230,432,1105,2090,4402,11263
14.5,21,50,118,215,435,1116,2194,4374,11128
14.6,31,38,84,244,402,1137,2150,4451,11093
14.7,22,38,116,216,429,1119,2174,4342,10681
14.8,19,34,87,225,434,1102,2138,4342,10639
14.9,16,43,98,184,426,1065,2179,4296,10698
15,28,34,104,189,408,1033,2088,4227,10646
15.1,22,32,100,216,407,1076,1985,4183,10358
15.2,23,39,103,215,390,1003,2005,4094,10408
15.3,20,37,98,242,381,1036,1918,4055,10126
15.4,21,37,111,226,409,970,1931,3933,10085
15.5,21,46,95,199,400,929,1880,3870,9597
15.6,19,23,87,186,387,951,1859,3859,9343
15.7,21,34,86,189,358,915,1853,3662,9259
15.8,11,38,94,190,328,905,1851,3537,9059
15.9,13,32,85,186,337,907,1747,3568,9080
16,15,32,83,161,335,828,1730,3420,8573
16.1,15,31,98,169,337,801,1644,3314,8315
16.2,15,34,86,172,309,723,1584,3145,8090
16.3,20,38,85,141,312,721,1536,3100,7649
16.4,19,28,57,132,314,767,1452,2974,7573
16.5,15,33,66,162,303,702,1454,3004,7339
16.6,18,31,66,119,233,676,1388,2788,6995
16.7,11,27,71,130,255,647,1340,2663,6698
16.8,10,30,65,139,226,647,1251,2550,6181
16.9,7,29,63,144,243,591,1251,2424,5925
17,9,26,57,118,216,562,1101,2305,5683
17.1,10,23,51,112,206,525,1010,2054,5236
17.2,12,21,43,82,178,489,956,1962,4817
17.3,7,15,63,76,169,438,850,1798,4436
17.4,11,14,53,83,140,417,825,1655,4093
17.5,10,13,40,70,125,339,768,1464,3706
17.6,8,11,25,68,140,298,659,1375,3251
17.7,2,10,26,46,102,316,607,1227,2876
17.8,2,10,28,58,116,268,536,1072,2687
17.9,5,12,28,63,115,235,441,976,2466
18,4,4,27,54,82,232,419,914,2287
18.1,3,12,21,39,90,203,470,905,2256
18.2,3,6,22,49,106,237,501,967,2393
18.3,1,11,24,50,111,248,525,1043,2609
18.4,7,14,24,59,119,283,557,1172,2886
18.5,3,8,21,64,131,305,613,1333,3348
18.6,6,15,28,79,157,379,744,1416,3590
18.7,6,19,41,84,166,409,787,1604,3927
18.8,11,15,50,89,164,437,871,1733,4344
18.9,5,24,51,86,186,487,956,1863,4722
19,11,29,60,123,190,519,986,2096,5134
19.1,7,21,67,99,231,579,1126,2260,5508
19.2,13,20,56,112,227,576,1151,2312,5966
19.3,12,36,81,118,234,587,1227,2428,6264
19.4,12,31,45,104,248,587,1298,2653,6459
19.5,16,26,68,129,264,697,1360,2735,6717
19.6,15,33,70,137,281,714,1381,2842,7240
19.7,16,34,73,166,257,703,1472,2997,7355
19.8,12,38,67,145,272,731,1556,3119,7645
19.9,19,31,84,158,303,748,1653,3237,8035
20,16,46,70,164,330,836,1593,3244,8269
20.1,17,38,96,188,325,874,1672,3389,8586
20.2,15,27,81,184,337,819,1684,3409,8693
20.3,21,33,99,205,380,905,1718,3481,9005
20.4,14,38,96,203,378,930,1788,3761,9203
20.5,25,28,104,191,340,959,1885,3795,9257
20.6,17,40,90,183,390,951,1967,3839,9674
20.7,24,36,98,186,377,966,1910,3892,9764
20.8,17,32,102,223,355,946,1917,4030,10024
20.9,21,36,112,200,380,1040,2003,3966,10025
21,18,50,109,211,361,1060,1971,3954,10221
21.1,17,48,125,216,401,1039,2084,4110,10517
21.2,30,35,101,179,400,1050,1986,4259,10361
21.3,16,46,103,222,393,997,2179,4164,10631
21.4,24,41,85,216,407,1108,2099,4335,10818
21.5,22,41,125,221,471,1018,2131,4340,11113
21.6,16,32,123,211,403,1098,2146,4478,11103
21.7,27,36,120,232,457,1075,2257,4547,11157
21.8,15,56,96,225,413,1133,2201,4498,11477
21.9,17,52,111,209,415,1158,2290,4628,11360
22,21,48,115,216,433,1106,2276,4575,11472
22.1,25,55,117,212,465,1183,2283,4671,11387
22.2,17,61,112,213,452,1125,2253,4725,11617
22.3,22,42,112,218,444,1142,2275,4741,11789
22.4,19,43,123,262,442,1082,2277,4604,11795
22.5,21,45,119,230,470,1180,2317,4664,11742
22.6,30,50,118,240,444,1185,2393,4847,11799
22.7,28,55,121,248,457,1201,2241,4847,11933
22.8,24,40,118,269,449,1215,2370,4800,12055
22.9,21,41,116,243,486,1197,2450,4841,11952
23,19,53,126,233,492,1185,2361,4904,12127
23.1,27,49,127,261,497,1181,2389,4933,12093
23.2,21,48,129,266,496,1192,2545,4911,12266
23.3,23,42,127,254,503,1282,2415,5049,12505
23.4,26,52,102,247,511,1192,2443,4998,12365
23.5,16,30,116,266,497,1218,2435,5061,12437
23.6,27,48,131,229,491,1174,2421,5046,12479
23.7,19,56,117,255,499,1222,2441,5078,12477
23.8,24,48,131,285,489,1189,2505,5140,12371
23.9,25,57,148,250,478,1140,2483,5018,12690
24,30,46,124,254,496,1310,2504,4988,12462
24.1,26,34,157,249,519,1290,2428,5007,12722
24.2,20,45,143,234,507,1247,2504,4995,12590
24.3,22,44,137,236,498,1216,2563,5008,12552
24.4,23,53,123,270,461,1217,2507,5024,12472
24.5,17,51,125,261,495,1221,2446,5029,12600
24.6,25,59,138,241,493,1276,2442,5096,12747
24.7,28,51,154,266,506,1231,2500,5081,12542
24.8,22,53,114,278,521,1269,2498,5060,12817
24.9,27,46,126,231,522,1287,2547,5124,12818
25,25,45,108,261,483,1327,2435,5201,12994
25.1,31,43,137,254,535,1237,2569,5159,12880
25.2,23,59,114,282,503,1276,2554,5132,12775
25.3,25,55,124,268,512,1274,2545,5032,12690
25.4,28,59,130,254,504,1293,2579,5210,12869
25.5,32,58,110,265,529,1298,2611,5159,12638
25.6,21,40,122,275,494,1283,2545,5124,12857
25.7,35,57,137,239,515,1283,2635,5054,12658
25.8,25,47,128,254,465,1260,2527,5114,13005
25.9,35,55,113,256,526,1229,2509,5157,12797
26,26,41,110,250,509,1244,2510,5068,12820
26.1,28,58,123,283,526,1283,2502,5115,12854
26.2,29,56,140,262,487,1287,2608,5147,12868
26.3,23,61,108,266,520,1295,2585,5281,12996
26.4,21,51,138,253,502,1305,2573,5366,12903
26.5,32,55,151,303,522,1206,2562,5228,13007
26.6,28,49,131,265,519,1288,2621,5304,13104
26.7,18,50,138,225,525,1304,2592,5177,13193
26.8,28,55,142,300,473,1262,2610,5305,13223
26.9,27,56,100,249,532,1280,2535,5304,13199
27,28,46,127,265,490,1344,2588,5081,13295
27.1,32,66,150,292,510,1399,2710,5273,13009
27.2,32,60,143,290,516,1273,2599,5242,13078
27.3,21,43,129,242,537,1329,2624,5287,12896
27.4,21,54,118,286,502,1335,2631,5266,12960
27.5,33,64,121,257,490,1306,2608,5196,13266
27.6,24,55,132,241,528,1272,2626,5256,12930
27.7,28,50,135,237,498,1319,2537,5227,13150
27.8,27,68,148,280,541,1291,2629,5188,13073
27.9,29,55,133,285,529,1266,2517,5258,13095
28,34,57,133,264,499,1305,2615,5260,13072
28.1,22,52,146,244,521,1232,2556,5234,13222
28.2,27,50,104,244,534,1323,2702,5141,13182
28.3,27,38,115,272,503,1317,2631,5273,13177
28.4,19,53,121,256,509,1329,2595,5272,12947
28.5,20,49,144,267,507,1317,2618,5323,13215
28.6,27,56,137,246,535,1260,2607,5272,13448
28.7,29,41,157,284,516,1336,2645,5089,13102
28.8,24,70,131,289,539,1307,2621,5256,13348
28.9,36,38,136,258,511,1275,2580,5142,13197
29,21,52,121,253,520,1255,2531,5265,13063
29.1,19,60,135,281,483,1268,2658,5164,12882
29.2,30,46,136,260,501,1363,2664,5289,12938
29.3,32,64,117,260,475,1304,2680,5244,12987
29.4,26,56,144,262,492,1271,2538,5251,13282
29.5,29,39,136,267,496,1377,2601,5293,13484
29.6,28,38,125,284,519,1260,2599,5333,13165
29.7,18,41,131,269,511,1330,2556,5377,13131
29.8,34,40,136,295,502,1324,2623,5329,13134
29.9,31,50,141,257,543,1259,2539,5265,13223
30,27,56,120,266,496,1399,2499,5190,13196
30.1,25,49,124,261,510,1345,2673,5237,13034
30.2,32,43,133,325,496,1313,2669,5377,13008
30.3,33,55,136,276,468,1296,2636,5264,13097
30.4,20,52,151,261,526,1304,2622,5437,13190
30.5,27,46,139,311,507,1293,2651,5317,13198
30.6,25,56,128,274,501,1242,2667,5317,13238
30.7,23,65,142,306,513,1304,2661,5273,13093
30.8,28,60,132,277,496,1346,2623,5256,13132
30.9,33,56,118,251,453,1288,2566,5325,13293
31,24,53,141,264,494,1352,2618,5261,13139
31.1,27,52,129,245,498,1342,2679,5292,13256
31.2,25,51,135,272,532,1311,2541,5259,13265
31.3,24,46,127,257,560,1305,2589,5341,13236
31.4,29,66,126,243,539,1263,2629,5351,13044
31.5,34,65,136,271,530,1296,2580,5303,13248
31.6,19,53,123,245,547,1320,2626,5272,13200
31.7,16,47,145,255,528,1256,2654,5562,13431
31.8,33,59,115,281,512,1372,2598,5345,13180
31.9,32,45,116,258,537,1281,2698,5434,13336
32,16,38,136,258,508,1339,2636,5416,13304
32.1,30,54,138,269,524,1287,2670,5219,13355
32.2,25,49,129,290,557,1256,2655,5321,13123
32.3,31,54,136,292,574,1319,2523,5307,13421
32.4,25,46,143,287,558,1356,2604,5427,13253
32.5,29,60,111,251,509,1361,2561,5291,13187
32.6,36,74,140,270,517,1318,2619,5491,13169
32.7,14,46,120,270,496,1320,2591,5418,13099
32.8,29,60,135,308,507,1238,2652,5172,13357
32.9,28,47,126,283,526,1285,2678,5253,13258
33,33,54,141,244,514,1323,2631,5224,13172
33.1,18,54,135,267,522,1299,2654,5318,13178
33.2,27,44,122,282,546,1307,2661,5235,13138
33.3,22,46,120,282,548,1198,2563,5388,13072
33.4,26,55,108,287,522,1284,2650,5391,13107
33.5,27,54,141,274,499,1317,2610,5259,13403
33.6,25,52,126,234,529,1311,2668,5193,13528
33.7,21,60,162,251,536,1302,2693,5405,13214
33.8,24,50,129,239,490,1320,2651,5327,13315
33.9,23,45,132,290,509,1331,2637,5306,13448
34,22,46,152,275,520,1281,2624,5268,13247
34.1,28,44,132,276,503,1268,2706,5357,13374
34.2,28,54,135,269,517,1293,2697,5327,13247
34.3,28,47,141,256,492,1384,2582,5259,13153
34.4,24,65,121,293,503,1286,2632,5332,13175
34.5,22,52,141,245,543,1307,2626,5354,13157
34.6,20,59,143,282,532,1295,2571,5225,12934
34.7,25,45,117,274,507,1259,2504,5224,13218
34.8,18,70,143,253,526,1336,2578,5423,13061
34.9,34,48,124,291,543,1286,2518,5319,13294
35,25,63,143,259,514,1287,2562,5330,13289
35.1,35,57,140,278,510,1386,2658,5379,13191
35.2,21,38,121,280,506,1315,2711,5417,13440
35.3,35,61,126,265,531,1349,2602,5364,13481
35.4,32,46,127,259,523,1295,2568,5302,13421
35.5,27,52,137,256,541,1300,2608,5433,13300
35.6,25,54,149,234,490,1307,2534,5321,13340
35.7,24,49,108,268,533,1277,2628,5244,13184
35.8,30,63,138,258,523,1273,2594,5314,13279
35.9,18,55,122,294,528,1255,2697,5275,13384
36,29,53,152,273,506,1290,2634,5328,13200
36.1,29,44,138,266,565,1276,2521,5367,13332
36.2,26,49,135,266,521,1229,2573,5233,13470
36.3,24,55,114,281,542,1287,2581,5220,13150
36.4,20,76,138,285,496,1293,2648,5275,13361
36.5,23,49,129,278,535,1227,2651,5170,13093
36.6,32,58,131,252,552,1232,2571,5147,13055
36.7,27,46,149,273,515,1372,2570,5368,12902
36.8,28,61,118,274,491,1390,2507,5231,13075
36.9,23,43,130,265,483,1323,2636,5372,13143
37,27,50,134,269,533,1327,2595,5425,13045
37.1,30,63,124,239,484,1330,2620,5366,13376
37.2,29,61,140,242,497,1321,2586,5248,13125
37.3,32,62,146,285,503,1305,2658,5315,13309
37.4,16,38,134,266,496,1258,2641,5323,13130
37.5,20,46,116,293,506,1227,2681,5209,13143
37.6,26,56,128,270,513,1348,2530,5193,13278
37.7,28,51,133,301,520,1318,2541,5254,13195
37.8,28,49,115,259,520,1295,2556,5251,13149
37.9,24,56,146,253,515,1259,2580,5139,13109
38,27,61,156,243,512,1276,2580,5195,13213
38.1,30,53,132,287,518,1270,2554,5316,13113
38.2,24,49,122,255,499,1323,2648,5232,13091
38.3,37,46,120,276,502,1235,2571,5312,13055
38.4,32,55,112,264,549,1285,2635,5155,12922
38.5,30,52,157,276,476,1320,2550,5223,13106
38.6,39,49,143,289,498,1256,2617,5279,13246
38.7,33,48,123,275,540,1258,2653,5240,13043
38.8,23,61,156,303,524,1309,2640,5331,13175
38.9,31,43,119,277,538,1281,2569,5210,13075
39,13,53,127,306,502,1272,2561,5248,12954
39.1,26,59,144,269,536,1296,2630,5209,13119
39.2,34,62,105,248,498,1322,2502,5223,13052
39.3,25,42,121,260,506,1298,2678,5317,13058
39.4,31,43,140,210,510,1295,2612,5271,13225
39.5,15,49,101,257,550,1320,2603,5367,13086
39.6,31,45,112,282,484,1310,2603,5215,13044
39.7,24,54,116,247,497,1247,2617,5296,13025
39.8,26,50,115,265,517,1310,2624,5187,13097
39.9,23,61,136,277,511,1194,2624,5240,13058
40,23,54,130,272,520,1266,2612,5185,12949
40.1,18,59,140,245,499,1303,2618,5279,12974
40.2,32,47,124,265,491,1282,2569,5137,12796
40.3,30,46,132,276,522,1220,2576,5218,12929
40.4,23,49,139,264,492,1255,2590,5132,13093
40.5,25,43,140,259,470,1200,2514,5231,13032
40.6,26,47,143,265,500,1319,2530,5333,12964
40.7,21,44,130,267,481,1355,2511,5171,12885
40.8,25,63,133,254,473,1256,2616,5182,13090
40.9,19,47,142,257,521,1256,2580,5084,13085
41,31,50,141,279,497,1247,2661,5175,12789
41.1,27,55,130,276,513,1312,2629,5287,13093
41.2,25,55,133,288,525,1374,2613,5289,12971
41.3,40,51,125,267,513,1375,2551,5276,13046
41.4,18,70,120,251,524,1296,2659,5146,13100
41.5,19,55,137,273,509,1275,2543,5181,12973
41.6,20,62,121,278,503,1324,2651,5253,13090
41.7,29,49,108,244,491,1267,2618,5171,13026
41.8,27,47,134,288,485,1242,2520,5234,13091
41.9,19,33,128,265,502,1317,2586,5177,12799
42,23,51,136,273,509,1303,2602,5169,12834
42.1,22,60,126,271,482,1214,2571,5253,12971
42.2,23,60,134,255,480,1286,2603,5249,13114
42.3,24,56,132,266,486,1252,2556,5184,13050
42.4,24,66,126,265,489,1364,2608,5226,13024
42.5,17,44,138,250,511,1310,2636,5184,12977
42.6,22,49,120,258,565,1274,2576,5166,12975
42.7,26,63,110,271,483,1351,2624,5253,12974
42.8,32,44,116,242,491,1270,2525,5373,13077
42.9,22,45,111,249,497,1274,2555,5317,13046
43,27,48,114,263,504,1325,2636,5323,13280
43.1,24,62,144,270,509,1336,2541,5317,12921
43.2,22,57,140,273,496,1300,2668,5273,13013
43.3,35,49,129,270,494,1305,2630,5277,13239
43.4,24,54,121,288,539,1281,2538,5436,12814
43.5,29,57,130,268,515,1289,2622,5239,13120
43.6,30,52,148,275,515,1296,2535,5234,12887
43.7,23,49,133,256,540,1326,2572,5292,13032
43.8,26,53,130,274,493,1273,2617,5250,12936
43.9,23,55,138,246,557,1218,2587,5274,13020
44,31,47,137,257,514,1286,2539,5306,13036
44.1,26,60,144,264,512,1247,2561,5262,12962
44.2,24,70,117,259,513,1300,2553,5291,12981
44.3,23,59,119,275,470,1262,2508,5061,13119
44.4,29,54,154,292,541,1323,2566,5274,12992
44.5,22,58,131,255,498,1260,2574,5182,13007
44.6,26,55,138,264,499,1307,2533,5145,13058
44.7,27,44,116,241,519,1245,2555,5125,12964
44.8,27,55,131,263,541,1300,2565,5266,12980
44.9,39,37,133,279,512,1283,2605,5186,12928
45,25,53,119,247,514,1233,2563,5151,13007
45.1,42,62,128,274,486,1294,2616,5293,12882
45.2,20,50,135,209,497,1307,2534,5146,12983
45.3,23,55,137,245,489,1251,2609,5143,12892
45.4,23,45,122,232,488,1238,2555,5294,12891
45.5,21,68,141,266,463,1339,2572,5225,13056
45.6,23,43,126,262,493,1243,2635,5288,13121
45.7,27,47,147,303,510,1326,2599,5104,13113
45.8,30,62,119,228,517,1327,2559,5185,13095
45.9,30,59,129,277,501,1300,2514,5364,13109
46,20,45,134,256,478,1285,2584,5340,13139
46.1,25,52,109,265,500,1226,2669,5223,12871
46.2,27,53,123,257,487,1223,2510,5118,13091
46.3,40,61,135,299,520,1313,2530,5280,13141
46.4,24,47,112,263,538,1323,2585,5247,12907
46.5,23,55,124,263,545,1274,2554,5273,12984
46.6,26,45,155,280,520,1275,2517,5131,12955
46.7,27,40,112,269,494,1212,2550,5186,13003
46.8,29,49,130,251,513,1292,2614,5228,13037
46.9,15,51,129,253,493,1212,2530,5175,12940
47,27,39,116,262,514,1227,2559,5220,12986
47.1,23,47,118,242,489,1244,2592,5230,13136
47.2,25,46,128,250,520,1304,2545,5093,12847
47.3,32,51,139,279,472,1259,2588,5327,12904
47.4,22,43,119,236,490,1217,2512,5152,12827
47.5,18,52,131,299,539,1331,2580,5223,12709
47.6,22,47,104,253,504,1277,2533,5244,12946
47.7,23,50,130,259,532,1289,2531,5225,12952
47.8,29,49,122,238,521,1286,2521,5191,13100
47.9,21,55,138,270,498,1277,2569,5255,13015
48,24,49,132,278,529,1278,2621,5193,13043
48.1,29,41,136,256,496,1232,2567,5113,13056
48.2,29,49,122,267,512,1214,2527,5050,12847
48.3,22,47,120,268,481,1276,2545,5181,12951
48.4,25,47,120,277,524,1269,2569,5218,12987
48.5,23,43,146,261,497,1287,2556,5069,13066
48.6,22,51,133,281,495,1292,2592,5252,13037
48.7,22,49,133,271,482,1279,2619,5298,12713
48.8,20,49,143,251,524,1288,2503,5177,13054
48.9,26,38,144,262,543,1233,2501,5204,12945
49,28,55,126,246,543,1244,2556,5215,13074
49.1,25,52,142,276,546,1244,2565,5240,13084
49.2,23,57,114,234,474,1205,2577,5295,12893
49.3,31,50,125,293,478,1266,2524,5285,12869
49.4,26,57,121,276,503,1356,2569,5108,12874
49.5,33,46,116,268,456,1264,2461,5169,13036
49.6,39,60,107,267,470,1246,2520,5198,12741
49.7,26,46,114,262,496,1286,2564,5116,12912
49.8,21,50,107,278,525,1319,2662,5308,12963
49.9,30,45,123,258,477,1263,2595,5255,12962
50,24,55,139,273,514,1315,2538,5252,12925
50.1,30,52,118,255,538,1264,2488,5124,12920
50.2,25,42,120,291,513,1256,2551,5110,13026
50.3,25,58,123,253,495,1231,2596,5192,12905
50.4,16,53,115,253,514,1315,2549,5148,12721
50.5,24,57,129,275,513,1303,2618,5174,12989
50.6,32,51,142,244,498,1293,2581,5163,13026
50.7,31,48,112,258,504,1335,2613,5100,13077
50.8,17,56,136,243,515,1264,2511,5216,12890
50.9,23,50,145,239,502,1359,2550,5177,13012
51,35,46,129,259,550,1222,2566,5189,12728
51.1,23,50,133,273,493,1263,2488,5182,12875
51.2,24,61,123,222,505,1271,2574,5147,12949
51.3,25,43,148,267,513,1258,2568,5137,12942
51.4,24,41,117,232,443,1270,2662,5288,12862
51.5,24,41,126,256,510,1248,2536,5100,12870
51.6,30,53,115,298,511,1309,2606,5198,12911
51.7,29,51,112,262,510,1287,2573,5087,12887
51.8,38,61,129,277,519,1239,2596,5331,12818
51.9,27,59,126,264,497,1283,2498,5128,13091
52,28,67,119,261,476,1255,2622,5092,12897
52.1,27,42,128,256,485,1266,2579,5256,12884
52.2,20,64,129,230,524,1332,2510,5016,12883
52.3,28,58,125,280,493,1278,2546,5207,12850
52.4,19,56,122,288,535,1334,2611,5153,13109
52.5,28,46,112,246,483,1300,2467,5058,12811
52.6,22,52,140,269,512,1238,2577,5158,12939
52.7,26,55,112,255,489,1336,2668,5220,12892
52.8,24,42,146,273,526,1234,2506,5157,12738
52.9,28,59,118,277,520,1276,2557,5216,13077
53,27,48,128,264,482,1304,2542,5159,13010
53.1,25,61,114,241,554,1289,2600,5207,12774
53.2,24,50,126,280,537,1294,2573,5115,12807
53.3,29,47,114,258,456,1274,2486,5208,12610
53.4,15,44,134,241,494,1326,2543,5108,12870
53.5,28,53,134,268,484,1295,2567,5194,12694
53.6,21,52,119,246,523,1239,2576,5184,12655
53.7,15,53,138,290,489,1226,2567,5103,12950
53.8,17,47,112,250,503,1275,2580,5164,12937
53.9,28,46,126,271,466,1331,2568,5259,12881
54,17,52,134,284,495,1259,2523,5059,12647
54.1,24,58,127,255,541,1331,2537,5162,12916
54.2,26,46,110,269,504,1251,2517,5136,12785
54.3,29,51,138,259,526,1290,2490,5126,12759
54.4,17,53,131,258,481,1287,2570,5173,12821
54.5,26,63,141,279,465,1331,2505,5080,12720
54.6,21,59,120,243,470,1314,2558,5094,12677
54.7,24,50,124,271,515,1306,2432,5105,12878
54.8,23,52,119,262,519,1220,2475,5068,12656
54.9,26,63,124,255,518,1301,2565,5311,12872
55,40,58,118,275,529,1226,2552,5162,12661
55.1,27,50,138,258,455,1326,2460,5115,12901
55.2,24,55,134,263,516,1319,2547,5114,12854
55.3,27,51,125,275,435,1242,2460,4959,12788
55.4,23,57,145,241,492,1236,2506,5145,12685
55.5,24,44,117,269,478,1271,2476,5181,13061
55.6,28,53,132,248,517,1233,2547,5014,12655
55.7,17,48,150,264,483,1244,2439,5119,12820
55.8,24,56,131,238,472,1260,2516,5101,12659
55.9,33,46,141,258,442,1205,2505,5270,12623
56,26,60,128,277,499,1215,2600,5132,12719
56.1,20,53,117,274,464,1205,2492,5091,12869
56.2,24,50,131,267,484,1261,2574,5089,12532
56.3,19,58,134,255,504,1267,2497,5064,12642
56.4,27,56,139,239,501,1254,2570,5096,12821
56.5,25,47,122,250,493,1234,2528,5091,12720
56.6,14,49,106,292,486,1328,2597,5152,12614
56.7,28,55,139,276,488,1232,2575,5161,12844
56.8,31,71,116,254,510,1311,2558,5180,12790
56.9,28,50,121,253,499,1270,2473,5114,12879
57,29,52,124,256,468,1254,2491,5199,12760
57.1,22,37,138,254,486,1225,2542,5102,12692
57.2,28,52,120,234,517,1252,2507,5005,12807
57.3,27,55,119,280,510,1257,2593,5169,12666
57.4,22,59,120,255,494,1228,2530,5099,12860
57.5,33,46,107,208,470,1277,2511,5070,12713
57.6,30,44,126,254,512,1242,2551,5068,12729
57.7,38,46,115,273,524,1244,2492,5158,12698
57.8,22,45,106,279,503,1258,2505,5060,12855
57.9,29,50,136,254,532,1252,2490,5140,12642
58,29,36,132,268,501,1284,2470,5145,12678
58.1,28,50,145,281,497,1318,2447,5217,12783
58.2,29,56,143,263,512,1311,2651,5166,12700
58.3,29,51,137,276,499,1284,2511,5059,12841
58.4,25,66,131,248,518,1288,2574,5106,12932
58.5,28,49,127,259,475,1297,2512,5033,12654
58.6,35,54,128,259,514,1280,2488,5218,12839
58.7,26,48,117,243,518,1294,2475,5154,12917
58.8,35,51,103,212,503,1338,2560,5139,12922
58.9,23,61,126,276,483,1282,2428,5176,12765
59,24,47,137,262,523,1301,2601,5213,12883
59.1,22,49,111,244,497,1239,2509,5117,12815
59.2,32,42,145,279,513,1288,2640,5284,12589
59.3,34,55,134,271,500,1260,2571,5088,12799
59.4,26,42,124,251,480,1243,2715,5243,12698
59.5,22,58,112,306,466,1273,2568,5322,12893
59.6,29,43,130,288,547,1237,2575,5208,12763
59.7,25,58,142,275,532,1286,2512,5059,12725
59.8,22,54,124,287,540,1271,2477,5202,12797
59.9,25,50,138,246,509,1290,2558,5111,12933
60,19,63,139,263,490,1251,2572,5209,12835
60.1,27,51,126,260,471,1294,2508,5274,12863
60.2,23,64,129,245,461,1236,2530,5166,12851
60.3,24,43,148,273,485,1280,2587,5211,13024
60.4,25,41,123,242,492,1318,2615,5047,13115
60.5,32,51,117,247,499,1305,2536,5281,13130
60.6,19,59,126,280,489,1259,2617,5086,12951
60.7,30,47,126,251,451,1303,2450,5199,12927
60.8,27,49,126,260,524,1299,2521,5255,12811
60.9,24,51,138,252,487,1280,2635,5214,12876
61,34,61,145,266,511,1305,2544,5158,12993
61.1,22,62,114,273,495,1313,2478,5139,12820
61.2,27,43,123,250,504,1277,2521,5180,12708
61.3,26,48,127,218,475,1287,2442,5197,13067
61.4,31,53,149,283,513,1310,2609,5230,12882
61.5,36,47,136,278,498,1288,2621,5083,12882
61.6,28,39,122,243,478,1310,2655,5251,12952
61.7,25,64,118,265,488,1250,2508,5060,12761
61.8,26,59,142,247,502,1314,2522,5342,12938
61.9,37,45,139,255,520,1299,2590,5187,12876
62,20,47,137,251,501,1233,2642,5290,12853
62.1,23,59,116,281,505,1215,2566,5245,12852
62.2,33,48,145,258,485,1284,2608,5189,12871
62.3,28,51,127,269,458,1258,2541,5158,12946
62.4,26,50,159,254,502,1314,2489,5239,12961
62.5,27,58,125,245,541,1294,2565,5225,12793
62.6,20,42,115,291,523,1322,2521,5141,12969
62.7,22,46,121,261,521,1246,2589,5273,12788
62.8,24,63,152,276,504,1239,2591,5263,12939
62.9,24,49,139,262,504,1260,2609,5210,12949
63,34,63,135,243,499,1261,2523,5240,12997
63.1,24,53,151,287,490,1234,2630,5261,12950
63.2,30,55,162,267,543,1241,2530,5294,12904
63.3,28,54,128,258,492,1311,2522,5232,12934
63.4,35,58,132,235,478,1279,2568,5344,12726
63.5,25,76,133,271,509,1265,2638,5401,12968
63.6,27,52,132,273,514,1263,2578,5321,13012
63.7,22,53,126,243,478,1190,2652,5215,13013
63.8,36,51,135,272,479,1251,2610,5152,13066
63.9,31,51,137,247,481,1265,2534,5283,13143
64,35,55,155,282,508,1267,2638,5292,13025
64.1,27,46,131,266,514,1276,2550,5318,13139
64.2,24,55,117,272,498,1235,2590,5249,13151
64.3,27,61,117,257,531,1292,2503,5236,13099
64.4,27,43,125,272,505,1307,2561,5246,12835
64.5,28,59,120,268,511,1284,2561,5201,12941
64.6,29,64,135,257,523,1279,2461,5189,12981
64.7,23,66,117,253,514,1306,2605,5273,13334
64.8,22,53,127,282,516,1258,2679,5369,13064
64.9,23,36,112,261,507,1329,2596,5170,13103
65,24,48,126,239,500,1265,2605,5171,13277
65.1,28,39,140,275,484,1360,2678,5126,13204
65.2,32,60,140,277,491,1339,2627,5229,13036
65.3,35,53,127,264,529,1333,2634,5288,13164
65.4,14,58,161,288,544,1290,2562,5406,13040
65.5,27,55,117,251,544,1232,2554,5292,13015
65.6,27,56,129,250,537,1337,2713,5203,13050
65.7,23,63,124,267,530,1287,2553,5242,13109
65.8,32,56,110,277,508,1311,2613,5232,12943
65.9,31,46,125,238,543,1285,2654,5290,13031
66,23,41,125,243,506,1312,2557,5139,13040
66.1,28,51,119,253,480,1306,2652,5282,13161
66.2,20,58,111,260,552,1285,2628,5338,13120
66.3,25,50,129,257,514,1294,2480,5252,13151
66.4,21,49,135,246,482,1359,2534,5341,12801
66.5,31,55,123,264,491,1282,2607,5265,13180
66.6,27,47,142,251,504,1320,2669,5107,13066
66.7,24,49,120,268,466,1232,2507,5197,13296
66.8,31,47,139,259,480,1248,2621,5202,13045
66.9,23,60,124,283,542,1217,2530,5237,13149
67,26,56,131,254,498,1352,2509,5290,13198
67.1,22,54,140,299,491,1347,2597,5306,13110
67.2,28,55,118,311,581,1274,2601,5169,13247
67.3,21,54,122,301,495,1298,2576,5231,12960
67.4,20,45,123,260,523,1278,2583,5259,12901
67.5,22,64,117,245,491,1291,2640,5342,12863
67.6,19,50,129,238,515,1265,2559,5070,12918
67.7,35,30,124,262,505,1219,2505,5196,13004
67.8,20,69,134,286,485,1278,2514,5221,12825
67.9,28,50,136,241,504,1348,2656,5211,13006
68,30,52,110,258,525,1268,2522,5253,13077
68.1,24,54,121,258,483,1194,2578,5277,12906
68.2,26,60,121,271,481,1283,2623,5181,12875
68.3,23,52,120,240,492,1254,2533,5200,13017
68.4,23,54,153,272,502,1301,2534,5084,12974
68.5,27,64,119,235,523,1335,2550,5180,12861
68.6,32,49,139,258,479,1342,2537,5125,12932
68.7,26,42,133,256,491,1291,2727,5375,12862
68.8,30,47,130,265,506,1301,2568,5174,12794
68.9,33,49,152,265,511,1302,2506,5251,12878
69,20,67,129,271,497,1294,2580,5272,12888
69.1,27,67,147,268,505,1257,2555,5212,12739
69.2,20,58,155,277,505,1317,2545,5232,13047
69.3,27,50,123,244,532,1239,2545,5299,12990
69.4,26,54,133,258,516,1256,2549,5154,12785
69.5,25,54,131,276,476,1284,2524,5187,12772
69.6,26,53,122,258,490,1217,2546,5175,12979
69.7,24,72,131,252,504,1233,2543,5058,12584
69.8,27,42,121,243,517,1254,2542,5025,12667
69.9,23,53,134,290,546,1200,2548,5134,12720
70,22,50,129,272,477,1238,2619,5099,12706
70.1,26,40,129,252,485,1234,2611,5207,12509
70.2,28,62,106,237,505,1285,2529,5104,12671
70.3,30,58,133,239,465,1220,2548,5173,12727
70.4,29,49,115,257,497,1213,2504,5040,12668
70.5,24,44,110,257,512,1285,2491,5027,12777
70.6,20,48,148,269,498,1243,2556,5079,12708
70.7,23,58,114,232,518,1273,2536,5192,12589
70.8,28,62,159,245,494,1288,2519,5152,12739
70.9,27,61,125,229,486,1204,2462,5090,12703
71,22,42,125,248,523,1256,2503,5115,12746
71.1,30,50,138,261,490,1276,2580,5083,12878
71.2,31,41,137,221,460,1212,2479,5200,12722
71.3,27,47,137,260,482,1315,2575,5020,12646
71.4,28,53,133,228,526,1225,2476,5083,12672
71.5,19,45,131,250,492,1242,2469,5073,12650
71.6,24,64,123,248,474,1191,2456,5036,12678
71.7,32,65,109,274,492,1254,2453,5161,12623
71.8,22,55,128,261,491,1211,2493,5183,12577
71.9,25,48,130,238,497,1252,2454,5116,12705
72,25,52,124,253,514,1202,2500,4991,12469
72.1,18,48,126,264,466,1268,2529,5120,12713
72.2,31,40,131,242,480,1232,2532,5095,12553
72.3,35,48,125,275,519,1295,2427,5110,12629
72.4,19,45,128,268,467,1252,2570,5180,12744
72.5,25,52,142,279,486,1220,2432,5120,12438
72.6,21,55,131,250,489,1248,2470,5152,12853
72.7,26,41,120,255,554,1193,2570,5019,12668
72.8,23,47,139,289,446,1203,2476,5040,12666
72.9,20,48,118,257,512,1277,2534,5116,12762
73,21,61,147,242,509,1215,2438,5102,12496
73.1,24,49,108,259,500,1253,2569,5257,12607
73.2,21,50,123,260,468,1190,2526,4937,12569
73.3,27,43,113,281,492,1192,2446,5170,12787
73.4,32,41,131,297,450,1258,2472,5073,12626
73.5,19,45,113,243,503,1209,2477,5004,12524
73.6,27,58,134,284,491,1277,2478,5045,12646
73.7,20,56,127,270,476,1274,2625,5051,12874
73.8,28,50,127,260,448,1256,2482,5021,12641
73.9,28,60,145,240,491,1239,2574,5125,12696
74,28,48,126,249,512,1218,2533,5142,12593
74.1,21,51,111,262,472,1254,2464,5119,12803
74.2,28,47,124,257,483,1299,2561,5073,12739
74.3,29,49,92,257,508,1229,2589,4977,12666
74.4,19,55,142,253,502,1248,2514,5111,12982
74.5,31,64,129,245,456,1283,2590,5233,12694
74.6,31,63,109,278,504,1291,2563,5116,12917
74.7,29,63,120,263,508,1302,2557,5083,12707
74.8,27,62,133,273,481,1204,2432,5016,12681
74.9,29,50,132,264,468,1242,2451,5047,12548
75,25,46,147,265,476,1292,2517,5183,12589
75.1,27,41,137,271,456,1313,2517,5097,12774
75.2,22,50,118,221,492,1189,2506,5040,12623
75.3,21,46,121,254,517,1217,2482,5131,12844
75.4,32,38,115,256,475,1234,2531,5122,12835
75.5,28,52,120,244,511,1270,2544,5184,12904
75.6,38,56,119,245,510,1251,2537,5031,12791
75.7,32,53,125,270,532,1223,2567,5141,12800
75.8,26,49,127,255,507,1163,2578,5036,12620
75.9,21,54,125,253,464,1269,2548,5186,12606
76,23,60,128,278,488,1232,2463,5172,12788
76.1,28,59,117,275,505,1310,2405,5217,12898
76.2,23,39,137,249,480,1290,2539,5153,12651
76.3,26,59,125,279,478,1218,2548,5091,12667
76.4,24,57,139,252,515,1275,2654,4985,12915
76.5,24,43,132,268,516,1275,2465,5159,12942
76.6,20,43,116,249,518,1241,2502,5137,12660
76.7,30,62,126,230,517,1231,2472,5176,12772
76.8,21,52,124,262,520,1236,2525,4976,12808
76.9,26,69,137,274,484,1255,2559,5204,12642
77,24,44,112,255,484,1278,2564,5122,12685
77.1,26,51,137,268,504,1264,2483,5061,12794
77.2,24,43,136,263,485,1275,2492,5142,12766
77.3,31,64,117,270,498,1228,2425,5138,12663
77.4,23,51,119,261,515,1225,2577,5134,12782
77.5,28,50,120,259,456,1303,2557,5101,12805
77.6,27,51,126,276,504,1283,2545,5125,12865
77.7,31,55,120,281,480,1211,2620,5119,12882
77.8,26,45,127,273,501,1233,2494,5113,12959
77.9,20,61,128,245,503,1220,2549,5016,12868
78,30,54,116,266,513,1257,2551,5150,12939
78.1,20,60,122,272,465,1250,2499,5022,12741
78.2,19,50,137,241,548,1328,2535,5096,12695
78.3,31,55,135,291,515,1298,2526,5218,12719
78.4,29,52,133,263,503,1313,2536,5163,12796
78.5,30,50,131,246,482,1282,2505,5145,12700
78.6,30,46,151,260,526,1282,2488,5163,13030
78.7,27,65,154,265,518,1292,2494,5120,12893
78.8,23,58,104,260,529,1287,2581,5198,12939
78.9,26,43,118,255,462,1307,2512,5252,13090
79,33,62,132,258,541,1313,2639,5215,12941
79.1,27,56,135,245,523,1281,2485,5148,12866
79.2,18,42,127,299,505,1321,2630,5161,12938
79.3,29,62,133,253,464,1280,2552,5208,12928
79.4,20,50,136,257,478,1249,2580,5129,12819
79.5,28,57,136,248,492,1260,2513,5234,12895
79.6,25,58,135,238,516,1345,2549,5215,12867
79.7,23,54,102,280,473,1231,2562,5136,12838
79.8,33,61,135,255,535,1249,2643,5192,12835
79.9,25,59,134,262,496,1286,2541,5117,12998
80,19,47,139,248,530,1323,2655,5209,12854
80.1,27,46,135,285,537,1285,2607,5160,12839
80.2,26,56,118,245,505,1263,2597,5134,12760
80.3,22,56,123,260,501,1250,2530,5180,13007
80.4,28,52,123,244,534,1201,2570,5235,12847
80.5,21,47,120,277,482,1277,2490,5283,12855
80.6,27,46,139,281,512,1232,2531,5169,12873
80.7,28,48,151,254,480,1239,2556,5160,12886
80.8,30,51,134,243,441,1243,2548,5326,12922
80.9,23,59,139,264,495,1293,2518,5269,12814
81,32,59,119,250,498,1222,2476,5280,12813
81.1,19,41,144,255,519,1289,2578,5298,12947
81.2,21,53,131,268,461,1295,2485,5250,12905
81.3,29,55,139,257,508,1300,2590,5096,12949
81.4,25,40,127,262,534,1228,2603,5227,12820
81.5,29,55,132,282,493,1257,2509,5245,12812
81.6,17,52,122,234,516,1298,2553,5133,12896
81.7,15,52,129,285,442,1267,2556,5126,12825
81.8,22,58,141,252,489,1289,2513,5152,12997
81.9,24,53,119,255,500,1257,2520,5161,12890
82,24,46,131,254,518,1297,2641,5148,12878
82.1,28,66,134,234,484,1297,2662,5040,12884
82.2,19,49,118,249,536,1352,2528,5147,12942
82.3,32,53,122,279,532,1256,2569,5074,12814
82.4,23,41,133,262,510,1234,2442,5211,12607
82.5,21,55,129,286,502,1274,2565,5118,12896
82.6,20,53,148,262,485,1257,2519,5209,12617
82.7,18,52,122,280,493,1275,2558,5179,12814
82.8,22,47,121,275,491,1215,2537,5238,12703
82.9,21,62,144,245,518,1238,2511,5265,12874
83,24,68,137,272,515,1318,2527,4979,12827
83.1,19,50,135,277,480,1273,2501,5200,12875
83.2,26,67,135,261,476,1366,2546,5181,13055
83.3,22,58,132,268,470,1248,2495,5030,12916
83.4,20,52,116,258,476,1294,2436,5138,12740
83.5,29,53,128,246,500,1358,2537,5116,12974
83.6,27,52,130,236,494,1308,2521,5031,12891
83.7,26,50,123,247,506,1260,2502,5046,12818
83.8,20,43,131,289,481,1177,2603,5125,12834
83.9,15,54,139,265,482,1290,2548,5130,12906
84,15,60,128,253,493,1308,2608,5053,12897
84.1,20,67,138,269,473,1249,2548,5183,12803
84.2,22,52,112,276,552,1264,2515,5116,12799
84.3,17,40,124,240,537,1310,2494,5205,12738
84.4,27,49,123,224,458,1236,2557,5172,12849
84.5,30,58,105,291,522,1260,2614,5230,12718
84.6,25,55,145,263,498,1275,2550,5173,12868
84.7,24,51,134,281,509,1316,2479,5117,12780
84.8,16,49,112,282,477,1259,2548,5102,12789
84.9,27,43,152,276,526,1208,2590,5188,12805
85,23,43,124,243,485,1255,2516,5167,12910
85.1,23,48,113,290,510,1225,2491,5237,12750
85.2,26,51,125,281,471,1260,2546,5186,12636
85.3,22,53,129,252,531,1269,2612,5203,13044
85.4,26,49,134,237,472,1315,2571,5184,12728
85.5,33,58,141,258,532,1280,2516,5098,12626
85.6,24,46,113,252,515,1325,2543,5094,12805
85.7,22,55,140,243,533,1284,2493,5086,12747
85.8,25,27,113,254,494,1273,2587,5216,12915
85.9,23,66,140,279,463,1194,2505,5274,12684
86,22,60,133,216,510,1245,2504,5233,12823
86.1,31,59,128,247,514,1224,2536,4998,12793
86.2,33,61,133,261,491,1228,2555,5180,12943
86.3,28,61,131,264,485,1210,2529,5076,12834
86.4,20,61,118,275,499,1216,2553,5232,12845
86.5,31,54,113,239,471,1316,2609,5366,12840
86.6,24,34,122,264,483,1306,2627,5117,12832
86.7,31,52,143,280,503,1231,2512,5101,12867
86.8,23,53,128,245,504,1277,2521,5166,12486
86.9,34,48,104,230,509,1267,2540,5135,12761
87,23,50,143,271,515,1242,2509,5059,12832
87.1,26,63,130,255,495,1255,2500,5217,12701
87.2,15,49,128,267,518,1274,2502,5259,12753
87.3,36,45,123,236,490,1286,2444,5129,12624
87.4,25,53,122,270,502,1258,2512,5180,12840
87.5,22,68,128,263,510,1268,2472,5110,12855
87.6,24,55,118,264,451,1285,2540,5037,12677
87.7,27,63,141,239,467,1312,2540,5160,12832
87.8,13,52,132,248,509,1323,2531,5082,12670
87.9,30,51,132,262,476,1216,2455,5076,12956
88,31,45,140,259,477,1261,2551,5141,12642
88.1,19,45,116,265,508,1238,2625,5151,12725
88.2,20,54,139,280,479,1235,2461,5185,12607
88.3,27,41,120,271,503,1256,2565,5145,12820
88.4,23,47,128,259,490,1245,2556,5044,12794
88.5,30,50,119,278,511,1333,2434,5092,12681
88.6,27,51,128,252,470,1306,2593,5039,12734
88.7,32,47,129,253,547,1279,2624,5129,12618
88.8,31,55,125,250,496,1235,2612,5072,12835
88.9,25,43,152,285,536,1195,2540,5210,12740
89,24,54,126,261,492,1278,2398,5037,12925
89.1,28,61,140,250,504,1299,2575,5158,12532
89.2,29,47,131,283,492,1255,2532,5231,12756
89.3,24,45,135,265,513,1288,2507,5137,12540
89.4,25,43,124,250,502,1307,2491,5093,12739
89.5,25,52,134,221,484,1302,2583,5171,12697
89.6,19,49,127,242,491,1248,2515,5135,12787
89.7,22,46,124,242,515,1245,2513,5143,12641
89.8,38,55,117,258,470,1208,2601,5152,12698
89.9,19,44,134,276,471,1273,2539,5167,12593
90,36,55,119,271,479,1275,2511,5090,12639
90.1,28,63,141,265,485,1280,2521,4932,12626
90.2,19,36,135,253,471,1281,2556,5013,12715
90.3,28,72,120,243,491,1284,2514,5191,12892
90.4,24,59,148,254,499,1270,2483,5147,12710
90.5,14,56,136,244,496,1306,2503,5053,12664
90.6,29,49,126,275,501,1238,2543,5005,12737
90.7,32,40,132,265,515,1209,2489,5210,12782
90.8,20,35,117,252,508,1229,2550,5079,13035
90.9,30,43,120,283,487,1197,2509,5148,12574
91,18,49,133,265,517,1237,2534,5101,12636
91.1,21,48,116,254,509,1279,2554,5226,12617
91.2,29,56,116,297,510,1267,2515,5138,12639
91.3,26,53,115,255,487,1204,2541,5137,12598
91.4,32,53,130,282,531,1274,2525,5181,12875
91.5,24,50,107,286,476,1246,2604,5171,12847
91.6,28,39,126,244,511,1207,2534,5145,12613
91.7,32,41,118,240,473,1194,2392,5174,12701
91.8,31,55,135,276,503,1231,2407,5081,12825
91.9,27,51,129,278,509,1277,2437,5085,12714
92,30,45,111,261,467,1199,2529,4996,12594
92.1,28,46,127,258,479,1245,2575,5050,12960
92.2,21,45,140,263,523,1246,2531,4952,12685
92.3,27,61,130,264,476,1301,2557,5255,12753
92.4,23,62,123,222,477,1223,2520,5026,12660
92.5,29,41,144,277,502,1263,2480,5147,12597
92.6,30,53,137,267,495,1249,2519,4908,12620
92.7,26,41,144,249,489,1226,2470,5072,12554
92.8,22,56,109,269,483,1222,2466,5024,12723
92.9,21,49,113,240,529,1209,2525,5178,12551
93,27,46,113,246,499,1267,2515,5069,12607
93.1,24,45,116,253,523,1239,2466,5168,12436
93.2,29,60,139,240,561,1289,2485,5095,12565
93.3,21,58,122,265,532,1277,2503,4985,12688
93.4,28,46,118,240,464,1268,2575,4910,12638
93.5,24,50,130,285,485,1278,2532,5012,12650
93.6,21,53,125,255,485,1289,2560,5050,12593
93.7,20,52,126,250,539,1297,2491,5031,12578
93.8,25,45,140,264,470,1274,2408,5173,12861
93.9,26,54,134,261,498,1260,2526,5223,12382
94,22,43,114,241,498,1243,2474,5067,12629
94.1,28,55,110,249,463,1217,2491,5053,12762
94.2,20,53,110,275,513,1234,2499,5092,12452
94.3,20,52,135,250,491,1228,2474,5103,12770
94.4,30,40,128,270,505,1289,2463,5087,12537
94.5,16,56,120,268,478,1265,2515,4991,12582
94.6,28,58,150,260,491,1223,2492,5120,12670
94.7,23,59,125,275,524,1238,2530,5216,12550
94.8,37,53,122,242,523,1217,2474,5031,12673
94.9,34,60,116,278,467,1301,2532,4987,12602
95,30,39,144,259,489,1240,2454,4941,12720
95.1,18,48,142,228,484,1230,2509,5193,12581
95.2,25,36,113,248,523,1288,2528,4879,12652
95.3,33,39,141,230,492,1252,2568,5132,12773
95.4,24,46,141,292,511,1258,2549,5165,12606
95.5,27,43,121,260,504,1293,2510,4934,12750
95.6,24,49,136,226,493,1247,2474,5050,12753
95.7,16,41,145,231,499,1284,2579,5280,12815
95.8,21,41,147,241,491,1232,2400,5133,12752
95.9,22,47,114,253,525,1287,2544,5025,12585
96,28,41,128,239,525,1292,2523,5122,12887
96.1,38,41,143,259,530,1196,2455,5104,12654
96.2,25,62,117,235,486,1256,2552,5049,12530
96.3,23,53,131,246,483,1206,2507,5069,12646
96.4,24,47,126,263,485,1238,2451,5161,12950
96.5,28,54,130,277,535,1266,2491,5180,12774
96.6,24,55,118,237,525,1240,2468,5133,12629
96.7,27,51,117,245,554,1236,2438,5193,12694
96.8,29,43,118,256,473,1210,2557,5101,12622
96.9,22,46,154,276,521,1284,2451,5197,12651
97,28,56,142,235,466,1297,2532,4983,12683
97.1,24,48,139,269,470,1325,2524,5203,12527
97.2,26,51,132,270,519,1226,2432,5030,12803
97.3,21,52,127,257,495,1222,2548,5189,12439
97.4,29,52,131,241,502,1217,2464,5127,12846
97.5,21,62,145,248,519,1216,2523,5008,12751
97.6,31,66,131,257,480,1219,2482,5153,12671
97.7,20,50,129,271,475,1229,2423,5056,12528
97.8,27,52,144,248,505,1309,2480,5084,12924
97.9,19,46,134,276,510,1294,2441,5198,12617
98,27,52,115,254,499,1248,2395,5112,12836
98.1,32,59,129,281,495,1263,2422,5128,12620
98.2,25,46,132,289,509,1248,2575,4992,12609
98.3,25,59,118,268,492,1219,2529,5129,12775
98.4,10,45,96,251,483,1299,2483,4975,12623
98.5,23,42,124,261,519,1316,2580,5134,12700
98.6,23,63,120,275,483,1259,2490,5194,12567
98.7,18,49,121,248,513,1261,2535,5119,12740
98.8,20,45,116,250,488,1154,2520,5229,12535
98.9,21,50,141,254,513,1228,2508,5047,12636
99,23,41,133,246,523,1277,2456,5039,12583
99.1,18,51,125,255,474,1244,2480,5120,12619
99.2,24,40,145,248,488,1216,2487,5086,12370
99.3,23,52,118,250,486,1253,2504,5055,12606
99.4,19,56,123,291,496,1210,2407,5192,12798
99.5,25,54,131,245,445,1207,2598,5050,12741
99.6,18,43,133,228,478,1275,2433,5057,12604
99.7,30,53,128,261,526,1259,2550,4986,12798
99.8,35,57,133,247,528,1211,2540,4979,12534
99.9,35,45,130,233,486,1235,2425,5065,12467
100,30,45,125,251,486,1265,2454,5051,12758
100.1,24,37,112,250,441,1203,2390,4921,12580
100.2,29,57,142,247,506,1158,2474,5043,12560
100.3,21,43,111,275,515,1229,2504,5090,12704
100.4,26,51,111,261,532,1264,2511,5100,12568
100.5,30,54,122,258,513,1236,2455,5059,12373
100.6,22,63,117,274,505,1227,2406,5018,12531
100.7,17,51,120,276,485,1205,2403,5021,12516
100.8,23,52,119,250,516,1258,2563,5087,12507
100.9,40,42,124,258,509,1282,2368,4996,12439
101,33,44,112,258,509,1261,2481,5093,12441
101.1,25,54,130,259,465,1228,2460,4969,12509
101.2,13,40,136,261,512,1181,2429,4988,12466
101.3,27,43,124,238,494,1319,2497,5079,12605
101.4,31,32,125,261,486,1208,2566,5132,12487
101.5,28,46,123,272,456,1258,2487,5021,12721
101.6,32,54,139,264,474,1321,2550,4948,12784
101.7,19,51,126,224,480,1255,2531,4974,12536
101.8,21,39,122,273,494,1279,2527,5003,12612
101.9,26,49,110,265,484,1297,2416,5016,12580
102,28,55,121,253,500,1268,2476,5095,12392
102.1,25,60,113,244,479,1252,2521,5003,12523
102.2,22,33,127,259,508,1257,2439,5078,12693
102.3,33,47,124,236,453,1239,2567,4962,12479
102.4,29,39,135,262,467,1220,2561,5005,12656
102.5,26,57,132,298,487,1244,2451,5136,12437
102.6,28,45,126,239,507,1260,2503,5253,12660
102.7,24,52,122,240,445,1266,2558,5003,12524
102.8,21,42,123,261,492,1209,2556,5196,12627
102.9,27,52,140,241,469,1251,2505,4986,12743
103,20,48,132,239,506,1260,2505,4965,12631
103.1,18,52,113,259,440,1186,2475,5216,12488
103.2,28,57,111,225,517,1253,2531,5069,12700
103.3,27,47,109,230,504,1259,2420,5010,12484
103.4,22,49,145,269,472,1280,2454,4964,12574
103.5,28,51,113,233,485,1187,2381,5006,12524
103.6,23,55,108,244,478,1240,2509,5090,12696
103.7,27,48,103,266,474,1237,2590,5007,12401
103.8,24,50,123,237,490,1242,2526,4950,12461
103.9,31,52,119,248,460,1258,2479,5114,12629
104,26,49,130,249,481,1298,2494,4997,12702
104.1,34,50,126,238,483,1289,2473,5044,12604
104.2,7,46,147,286,471,1191,2501,4995,12487
104.3,23,52,133,249,512,1278,2550,5031,12621
104.4,26,37,113,263,481,1223,2469,5175,12636
104.5,20,52,135,259,468,1256,2510,5051,12541
104.6,33,56,106,239,469,1217,2501,5117,12564
104.7,34,56,128,266,502,1207,2474,4993,12377
104.8,22,58,134,264,506,1231,2394,4996,12369
104.9,20,50,103,258,479,1249,2423,4962,12660
105,15,47,122,278,508,1262,2515,5111,12595
105.1,28,37,110,255,515,1243,2508,5001,12583
105.2,26,52,111,253,499,1230,2467,5094,12678
105.3,25,53,134,219,450,1249,2542,5091,12464
105.4,24,62,110,237,496,1293,2553,5146,12202
105.5,29,52,132,240,475,1273,2524,5008,12567
105.6,25,47,138,241,469,1217,2446,5069,12415
105.7,23,62,124,252,498,1206,2487,4971,12513
105.8,27,41,94,266,494,1258,2456,4891,12383
105.9,28,52,127,243,532,1266,2479,5067,12440
106,21,53,129,268,525,1303,2445,5070,12532
106.1,19,37,106,263,462,1221,2585,4951,12608
106.2,23,44,115,247,498,1229,2507,5049,12507
106.3,31,59,107,238,487,1286,2411,4989,12343
106.4,23,47,136,271,477,1253,2459,4977,12556
106.5,26,53,99,274,529,1242,2484,5084,12638
106.6,29,51,120,242,465,1284,2491,5025,12638
106.7,18,57,132,256,524,1294,2549,5045,12626
106.8,24,43,144,232,430,1190,2594,5134,12662
106.9,28,52,125,234,495,1237,2452,5086,12453
107,33,62,128,239,502,1287,2471,5113,12333
107.1,22,34,150,257,493,1266,2452,4996,12602
107.2,21,55,133,240,486,1312,2474,5196,12664
107.3,26,47,136,231,481,1276,2486,5166,12457
107.4,26,58,130,231,502,1277,2487,5058,12626
107.5,26,47,130,251,481,1242,2452,4985,12483
107.6,29,57,121,255,517,1265,2496,5085,12307
107.7,28,68,120,268,486,1225,2451,4912,12528
107.8,13,55,124,263,515,1279,2440,5069,12759
107.9,28,52,122,239,519,1291,2454,5127,12599
108,23,61,111,251,495,1246,2427,4979,12624
108.1,28,58,132,258,466,1246,2506,5092,12461
108.2,23,43,118,235,504,1243,2499,5198,12487
108.3,24,52,121,257,454,1225,2609,5021,12474
108.4,24,50,136,266,472,1281,2586,4990,12539
108.5,24,53,139,256,523,1220,2481,5079,12577
108.6,32,50,118,264,497,1205,2509,4982,12548
108.7,35,49,129,256,519,1276,2473,4981,12589
108.8,25,53,119,229,505,1270,2427,5127,12525
108.9,17,47,136,242,443,1218,2458,5174,12513
109,18,50,135,254,472,1305,2492,5044,12750
109.1,25,42,146,242,525,1242,2444,5085,12615
109.2,24,61,127,249,465,1199,2533,5149,12478
109.3,26,60,134,256,486,1219,2455,4898,12591
109.4,30,52,101,241,478,1225,2461,5049,12740
109.5,21,44,130,245,466,1156,2534,5057,12613
109.6,29,45,110,233,467,1296,2505,5065,12646
109.7,25,50,124,250,469,1243,2526,5088,12515
109.8,19,47,123,251,535,1222,2462,5018,12764
109.9,27,46,142,251,549,1278,2509,5072,12398
110,32,57,119,262,507,1179,2505,4981,12522
110.1,26,60,131,212,494,1281,2444,5118,12652
110.2,25,48,130,248,460,1266,2505,5093,12811
110.3,28,55,136,249,527,1219,2527,5141,12783
110.4,20,60,141,247,514,1226,2472,5125,12490
110.5,23,66,105,247,476,1174,2480,5061,12673
110.6,27,52,132,255,493,1254,2473,4993,12681
110.7,37,52,126,267,491,1255,2441,5013,12850
110.8,32,57,119,269,509,1281,2486,5096,12846
110.9,25,45,142,266,472,1191,2560,5085,12713
111,30,58,120,238,470,1270,2497,5109,12771
111.1,25,55,133,254,479,1215,2503,5160,12690
111.2,27,53,120,232,505,1289,2537,5125,12669
111.3,26,60,136,257,492,1258,2461,5148,12615
111.4,29,52,127,259,512,1333,2535,5025,12614
111.5,26,45,115,299,468,1198,2635,5026,12698
111.6,25,62,135,263,511,1261,2578,4957,12812
111.7,20,51,116,277,483,1210,2461,5125,12823
111.8,29,56,121,249,497,1236,2542,5279,12704
111.9,32,57,121,271,492,1312,2567,5108,12659
112,17,61,127,237,529,1249,2487,5131,12572
112.1,24,61,122,287,501,1205,2529,4919,12765
112.2,19,50,130,256,555,1266,2517,5023,12644
112.3,21,58,129,245,472,1282,2567,5158,12615
112.4,36,41,149,226,493,1228,2521,5058,12903
112.5,29,66,135,235,497,1265,2467,5125,12540
112.6,21,49,148,268,516,1240,2608,5088,12522
112.7,23,41,148,241,485,1283,2537,5105,12546
112.8,25,54,122,245,504,1228,2452,5022,12823
112.9,29,55,120,246,549,1274,2622,5142,12605
113,24,57,133,257,477,1236,2578,5151,12582
113.1,36,66,114,240,463,1245,2513,5130,12624
113.2,28,55,151,241,513,1216,2550,5020,12547
113.3,34,48,153,243,474,1195,2530,4985,12752
113.4,23,46,127,247,515,1157,2451,5061,12564
113.5,28,46,123,255,475,1320,2549,5118,12627
113.6,16,58,124,266,542,1242,2541,5060,12598
113.7,21,48,118,256,468,1210,2521,5126,12591
113.8,31,47,119,229,460,1187,2497,5019,12700
113.9,24,57,142,251,486,1211,2461,5001,12553
114,25,53,128,243,486,1307,2558,4967,12607
114.1,24,51,152,265,524,1225,2450,4952,12598
114.2,30,52,120,283,466,1265,2436,5154,12599
114.3,26,63,141,269,519,1275,2424,5065,12600
114.4,26,47,106,251,510,1226,2501,5053,12496
114.5,23,54,133,287,471,1264,2451,5198,12584
114.6,32,58,121,252,497,1255,2404,5119,12462
114.7,24,58,114,227,469,1221,2527,5029,12566
114.8,31,51,135,248,513,1200,2513,5075,12688
114.9,28,39,141,278,488,1243,2494,5066,12556
115,33,40,120,242,541,1232,2498,5080,12491
115.1,23,45,112,250,489,1246,2452,5125,12573
115.2,32,57,134,276,507,1281,2529,5065,12438
115.3,27,54,124,243,514,1254,2484,5081,12536
115.4,29,47,110,269,497,1233,2423,5061,12628
115.5,31,49,135,255,465,1269,2413,5112,12621
115.6,19,38,116,246,532,1220,2408,5163,12639
115.7,17,48,120,233,498,1207,2485,4826,12531
115.8,27,51,129,261,514,1212,2515,4964,12460
115.9,21,59,133,243,487,1208,2536,5088,12487
116,17,59,100,253,482,1261,2483,5023,12525
116.1,23,49,119,263,508,1219,2506,5099,12503
116.2,15,46,138,285,492,1245,2543,4996,12494
116.3,29,50,119,233,486,1302,2497,5040,12379
116.4,25,44,133,281,520,1182,2602,5031,12809
116.5,29,44,117,255,466,1258,2513,4983,12584
116.6,25,51,151,265,482,1245,2564,5054,12535
116.7,24,49,119,222,480,1205,2455,5024,12511
116.8,23,58,111,255,484,1242,2470,4946,12545
116.9,25,48,118,245,504,1257,2531,4983,12640
117,21,54,118,232,518,1260,2471,5144,12427
117.1,23,44,115,259,451,1315,2499,5100,12589
117.2,26,56,127,226,468,1216,2527,5004,12458
117.3,17,49,116,261,466,1199,2415,5045,12362
117.4,23,47,117,260,482,1271,2477,4992,12292
117.5,29,50,126,238,486,1284,2464,5145,12363
117.6,31,66,142,250,470,1214,2463,5020,12769
117.7,35,43,123,309,514,1208,2578,4996,12436
117.8,29,32,115,251,487,1187,2563,4850,12368
117.9,38,47,124,236,498,1203,2546,5056,12468
118,19,61,118,263,514,1193,2520,5013,12483
118.1,31,47,117,245,469,1286,2462,5152,12559
118.2,33,48,95,279,493,1224,2514,5022,12401
118.3,25,55,124,256,499,1223,2462,5035,12593
118.4,24,46,143,245,499,1195,2536,5145,12540
118.5,29,58,136,249,504,1260,2516,5061,12621
118.6,24,60,126,273,543,1266,2461,4986,12369
118.7,20,48,124,257,455,1217,2451,5114,12566
118.8,27,59,156,241,454,1225,2521,4948,12283
118.9,30,59,139,271,496,1328,2428,5033,12384
119,24,53,106,288,508,1220,2582,5011,12486
119.1,26,62,141,268,480,1235,2440,4909,12712
119.2,25,57,101,274,523,1236,2461,4987,12627
119.3,33,30,131,242,474,1216,2459,4984,12379
119.4,26,57,145,250,481,1205,2478,5045,12589
119.5,21,45,107,232,468,1303,2510,4891,12648
119.6,32,47,123,251,505,1272,2474,4997,12644
119.7,23,53,114,263,498,1218,2495,5111,12587
119.8,24,48,137,254,480,1241,2365,4931,12469
119.9,21,42,134,247,501,1176,2461,4896,12739
120,26,61,122,241,457,1232,2453,4942,12398
120.1,32,54,127,258,500,1251,2508,5006,12491
120.2,29,46,117,265,470,1283,2499,4994,12499
120.3,27,51,129,248,530,1222,2503,4980,12471
120.4,24,49,141,269,485,1268,2481,4988,12374
120.5,30,53,120,277,508,1287,2441,4990,12499
120.6,36,59,127,255,443,1219,2478,5006,12246
120.7,26,41,101,240,514,1245,2459,4998,12415
120.8,24,45,126,263,526,1225,2438,5057,12417
120.9,31,45,115,244,505,1266,2462,4944,12444
121,21,45,126,284,495,1239,2558,4858,12491
121.1,39,36,119,253,472,1159,2446,5106,12501
121.2,25,49,137,257,499,1252,2463,4955,12340
121.3,29,49,120,259,481,1221,2476,5085,12499
121.4,35,51,116,249,500,1237,2450,5062,12432
121.5,22,59,126,249,494,1248,2464,5100,12405
121.6,21,41,127,246,491,1144,2455,5116,12425
121.7,19,40,129,271,466,1216,2456,5072,12329
121.8,30,49,111,286,482,1243,2434,5060,12311
121.9,29,45,140,244,460,1240,2457,5061,12419
122,19,51,109,248,497,1230,2523,4935,12298
122.1,27,59,124,235,489,1255,2472,4923,12627
122.2,27,55,103,235,494,1157,2400,4832,12352
122.3,35,47,116,244,489,1160,2492,5037,12570
122.4,29,61,128,267,499,1253,2396,5091,12388
122.5,26,59,132,287,507,1263,2545,5080,12389
122.6,28,58,129,267,521,1225,2490,4900,12466
122.7,27,51,119,251,477,1198,2501,5023,12402
122.8,23,33,133,245,476,1183,2479,5097,12573
122.9,22,40,132,241,467,1239,2548,5057,12521
123,22,49,127,237,512,1247,2502,4933,12312
123.1,25,57,127,265,513,1272,2441,4871,12554
123.2,25,47,107,251,500,1254,2378,5000,12256
123.3,15,51,119,251,507,1246,2424,4962,12437
123.4,32,53,111,248,503,1216,2507,5010,12456
123.5,29,55,134,243,459,1242,2530,4933,12296
123.6,21,51,111,221,483,1273,2560,4974,12578
123.7,23,55,123,252,481,1251,2527,5126,12450
123.8,29,53,142,255,458,1248,2484,5091,12484
123.9,20,44,133,264,499,1215,2531,4928,12382
124,31,45,133,267,465,1267,2475,5000,12255
124.1,29,39,116,247,463,1217,2459,4899,12358
124.2,19,53,134,264,473,1233,2561,4983,12595
124.3,28,63,122,253,489,1221,2475,4960,12304
124.4,24,47,134,258,474,1197,2434,5005,12647
124.5,36,52,139,244,460,1191,2491,5005,12213
124.6,18,48,122,261,487,1205,2461,4996,12353
124.7,33,55,134,279,483,1202,2478,5135,12733
124.8,21,39,121,241,466,1181,2542,5068,12625
124.9,24,69,115,249,495,1211,2442,4956,12414
